x	y	label	key	clickSelects	showSelected1	PANEL	group
23	23.95	Monday 07 Dec 2015	Monday 07 Dec 2015	Monday 07 Dec 2015	Monday 07 Dec 2015	1	150
23	22.600350877193	Tuesday 08 Dec 2015	Tuesday 08 Dec 2015	Tuesday 08 Dec 2015	Tuesday 08 Dec 2015	1	647
23	22.1628070175439	Wednesday 09 Dec 2015	Wednesday 09 Dec 2015	Wednesday 09 Dec 2015	Wednesday 09 Dec 2015	1	775
23	23.9585964912281	Thursday 10 Dec 2015	Thursday 10 Dec 2015	Thursday 10 Dec 2015	Thursday 10 Dec 2015	1	532
23	23.9414035087719	Friday 11 Dec 2015	Friday 11 Dec 2015	Friday 11 Dec 2015	Friday 11 Dec 2015	1	44
23	23.95	Saturday 12 Dec 2015	Saturday 12 Dec 2015	Saturday 12 Dec 2015	Saturday 12 Dec 2015	1	294
23	23.95	Sunday 13 Dec 2015	Sunday 13 Dec 2015	Sunday 13 Dec 2015	Sunday 13 Dec 2015	1	421
23	23.95	Monday 14 Dec 2015	Monday 14 Dec 2015	Monday 14 Dec 2015	Monday 14 Dec 2015	1	179
23	22.3854385964912	Tuesday 15 Dec 2015	Tuesday 15 Dec 2015	Tuesday 15 Dec 2015	Tuesday 15 Dec 2015	1	676
23	23.8124561403509	Wednesday 16 Dec 2015	Wednesday 16 Dec 2015	Wednesday 16 Dec 2015	Wednesday 16 Dec 2015	1	804
23	22.6182051282051	Thursday 17 Dec 2015	Thursday 17 Dec 2015	Thursday 17 Dec 2015	Thursday 17 Dec 2015	1	561
23	21.75	Friday 18 Dec 2015	Friday 18 Dec 2015	Friday 18 Dec 2015	Friday 18 Dec 2015	1	73
23	23.4515517241379	Saturday 19 Dec 2015	Saturday 19 Dec 2015	Saturday 19 Dec 2015	Saturday 19 Dec 2015	1	323
23	23.46	Sunday 20 Dec 2015	Sunday 20 Dec 2015	Sunday 20 Dec 2015	Sunday 20 Dec 2015	1	450
23	22.586320754717	Monday 21 Dec 2015	Monday 21 Dec 2015	Monday 21 Dec 2015	Monday 21 Dec 2015	1	208
23	22.6163917525773	Tuesday 22 Dec 2015	Tuesday 22 Dec 2015	Tuesday 22 Dec 2015	Tuesday 22 Dec 2015	1	705
23	21.0390291262136	Wednesday 23 Dec 2015	Wednesday 23 Dec 2015	Wednesday 23 Dec 2015	Wednesday 23 Dec 2015	1	833
23	23.46	Thursday 24 Dec 2015	Thursday 24 Dec 2015	Thursday 24 Dec 2015	Thursday 24 Dec 2015	1	590
23	22.1956034482759	Friday 25 Dec 2015	Friday 25 Dec 2015	Friday 25 Dec 2015	Friday 25 Dec 2015	1	101
23	23.4050862068966	Saturday 26 Dec 2015	Saturday 26 Dec 2015	Saturday 26 Dec 2015	Saturday 26 Dec 2015	1	351
23	22.5217021276596	Sunday 27 Dec 2015	Sunday 27 Dec 2015	Sunday 27 Dec 2015	Sunday 27 Dec 2015	1	478
23	21.5359292035398	Monday 28 Dec 2015	Monday 28 Dec 2015	Monday 28 Dec 2015	Monday 28 Dec 2015	1	236
23	22.48	Tuesday 29 Dec 2015	Tuesday 29 Dec 2015	Tuesday 29 Dec 2015	Tuesday 29 Dec 2015	1	733
23	22.475775862069	Wednesday 30 Dec 2015	Wednesday 30 Dec 2015	Wednesday 30 Dec 2015	Wednesday 30 Dec 2015	1	860
23	22.5381355932203	Thursday 31 Dec 2015	Thursday 31 Dec 2015	Thursday 31 Dec 2015	Thursday 31 Dec 2015	1	616
23	22.0247572815534	Friday 01 Jan 2016	Friday 01 Jan 2016	Friday 01 Jan 2016	Friday 01 Jan 2016	1	3
23	22.6109482758621	Saturday 02 Jan 2016	Saturday 02 Jan 2016	Saturday 02 Jan 2016	Saturday 02 Jan 2016	1	253
23	22.5007627118644	Sunday 03 Jan 2016	Sunday 03 Jan 2016	Sunday 03 Jan 2016	Sunday 03 Jan 2016	1	380
23	21.9383620689655	Monday 04 Jan 2016	Monday 04 Jan 2016	Monday 04 Jan 2016	Monday 04 Jan 2016	1	137
23	22.732	Tuesday 05 Jan 2016	Tuesday 05 Jan 2016	Tuesday 05 Jan 2016	Tuesday 05 Jan 2016	1	634
23	23.5078048780488	Wednesday 06 Jan 2016	Wednesday 06 Jan 2016	Wednesday 06 Jan 2016	Wednesday 06 Jan 2016	1	762
23	23.0806451612903	Thursday 07 Jan 2016	Thursday 07 Jan 2016	Thursday 07 Jan 2016	Thursday 07 Jan 2016	1	519
23	23.6084848484849	Friday 08 Jan 2016	Friday 08 Jan 2016	Friday 08 Jan 2016	Friday 08 Jan 2016	1	31
23	24.002972972973	Saturday 09 Jan 2016	Saturday 09 Jan 2016	Saturday 09 Jan 2016	Saturday 09 Jan 2016	1	281
23	22.8825	Sunday 10 Jan 2016	Sunday 10 Jan 2016	Sunday 10 Jan 2016	Sunday 10 Jan 2016	1	408
23	22.55	Monday 11 Jan 2016	Monday 11 Jan 2016	Monday 11 Jan 2016	Monday 11 Jan 2016	1	166
23	22.29625	Tuesday 12 Jan 2016	Tuesday 12 Jan 2016	Tuesday 12 Jan 2016	Tuesday 12 Jan 2016	1	663
23	23.0122413793103	Wednesday 13 Jan 2016	Wednesday 13 Jan 2016	Wednesday 13 Jan 2016	Wednesday 13 Jan 2016	1	791
23	22.1251724137931	Thursday 14 Jan 2016	Thursday 14 Jan 2016	Thursday 14 Jan 2016	Thursday 14 Jan 2016	1	548
23	22.9277586206897	Friday 15 Jan 2016	Friday 15 Jan 2016	Friday 15 Jan 2016	Friday 15 Jan 2016	1	60
23	22.97	Saturday 16 Jan 2016	Saturday 16 Jan 2016	Saturday 16 Jan 2016	Saturday 16 Jan 2016	1	310
23	21.9651724137931	Sunday 17 Jan 2016	Sunday 17 Jan 2016	Sunday 17 Jan 2016	Sunday 17 Jan 2016	1	437
23	22.4631034482759	Monday 18 Jan 2016	Monday 18 Jan 2016	Monday 18 Jan 2016	Monday 18 Jan 2016	1	195
23	23.7608771929825	Tuesday 19 Jan 2016	Tuesday 19 Jan 2016	Tuesday 19 Jan 2016	Tuesday 19 Jan 2016	1	692
23	23.3839655172414	Wednesday 20 Jan 2016	Wednesday 20 Jan 2016	Wednesday 20 Jan 2016	Wednesday 20 Jan 2016	1	820
23	22.8939655172414	Thursday 21 Jan 2016	Thursday 21 Jan 2016	Thursday 21 Jan 2016	Thursday 21 Jan 2016	1	577
23	22.3870689655172	Friday 22 Jan 2016	Friday 22 Jan 2016	Friday 22 Jan 2016	Friday 22 Jan 2016	1	88
23	22.0153448275862	Saturday 23 Jan 2016	Saturday 23 Jan 2016	Saturday 23 Jan 2016	Saturday 23 Jan 2016	1	338
23	23.46	Sunday 24 Jan 2016	Sunday 24 Jan 2016	Sunday 24 Jan 2016	Sunday 24 Jan 2016	1	465
23	23.4768965517241	Monday 25 Jan 2016	Monday 25 Jan 2016	Monday 25 Jan 2016	Monday 25 Jan 2016	1	223
23	22.48	Tuesday 26 Jan 2016	Tuesday 26 Jan 2016	Tuesday 26 Jan 2016	Tuesday 26 Jan 2016	1	720
23	23.2622807017544	Wednesday 27 Jan 2016	Wednesday 27 Jan 2016	Wednesday 27 Jan 2016	Wednesday 27 Jan 2016	1	848
23	23.6405263157895	Thursday 28 Jan 2016	Thursday 28 Jan 2016	Thursday 28 Jan 2016	Thursday 28 Jan 2016	1	605
23	24.1865517241379	Friday 29 Jan 2016	Friday 29 Jan 2016	Friday 29 Jan 2016	Friday 29 Jan 2016	1	116
23	24.8286206896552	Saturday 30 Jan 2016	Saturday 30 Jan 2016	Saturday 30 Jan 2016	Saturday 30 Jan 2016	1	366
23	24.9468965517241	Sunday 31 Jan 2016	Sunday 31 Jan 2016	Sunday 31 Jan 2016	Sunday 31 Jan 2016	1	492
23	23.5191379310345	Monday 01 Feb 2016	Monday 01 Feb 2016	Monday 01 Feb 2016	Monday 01 Feb 2016	1	125
23	24.44	Tuesday 02 Feb 2016	Tuesday 02 Feb 2016	Tuesday 02 Feb 2016	Tuesday 02 Feb 2016	1	622
23	23.4684482758621	Wednesday 03 Feb 2016	Wednesday 03 Feb 2016	Wednesday 03 Feb 2016	Wednesday 03 Feb 2016	1	750
23	24.6463157894737	Thursday 04 Feb 2016	Thursday 04 Feb 2016	Thursday 04 Feb 2016	Thursday 04 Feb 2016	1	507
23	24.2164912280702	Friday 05 Feb 2016	Friday 05 Feb 2016	Friday 05 Feb 2016	Friday 05 Feb 2016	1	19
23	23.95	Saturday 06 Feb 2016	Saturday 06 Feb 2016	Saturday 06 Feb 2016	Saturday 06 Feb 2016	1	269
23	23.6577192982456	Sunday 07 Feb 2016	Sunday 07 Feb 2016	Sunday 07 Feb 2016	Sunday 07 Feb 2016	1	396
23	22.0931578947368	Monday 08 Feb 2016	Monday 08 Feb 2016	Monday 08 Feb 2016	Monday 08 Feb 2016	1	154
23	22.729298245614	Tuesday 09 Feb 2016	Tuesday 09 Feb 2016	Tuesday 09 Feb 2016	Tuesday 09 Feb 2016	1	651
23	23.829649122807	Wednesday 10 Feb 2016	Wednesday 10 Feb 2016	Wednesday 10 Feb 2016	Wednesday 10 Feb 2016	1	779
23	23.3912280701754	Thursday 11 Feb 2016	Thursday 11 Feb 2016	Thursday 11 Feb 2016	Thursday 11 Feb 2016	1	536
23	23.95	Friday 12 Feb 2016	Friday 12 Feb 2016	Friday 12 Feb 2016	Friday 12 Feb 2016	1	48
23	24.0875438596491	Saturday 13 Feb 2016	Saturday 13 Feb 2016	Saturday 13 Feb 2016	Saturday 13 Feb 2016	1	298
23	24.44	Sunday 14 Feb 2016	Sunday 14 Feb 2016	Sunday 14 Feb 2016	Sunday 14 Feb 2016	1	425
23	24.560350877193	Monday 15 Feb 2016	Monday 15 Feb 2016	Monday 15 Feb 2016	Monday 15 Feb 2016	1	183
23	24.7666666666667	Tuesday 16 Feb 2016	Tuesday 16 Feb 2016	Tuesday 16 Feb 2016	Tuesday 16 Feb 2016	1	680
23	24.6978947368421	Wednesday 17 Feb 2016	Wednesday 17 Feb 2016	Wednesday 17 Feb 2016	Wednesday 17 Feb 2016	1	808
23	23.580350877193	Thursday 18 Feb 2016	Thursday 18 Feb 2016	Thursday 18 Feb 2016	Thursday 18 Feb 2016	1	565
23	23.5287719298246	Friday 19 Feb 2016	Friday 19 Feb 2016	Friday 19 Feb 2016	Friday 19 Feb 2016	1	77
23	24.689298245614	Saturday 20 Feb 2016	Saturday 20 Feb 2016	Saturday 20 Feb 2016	Saturday 20 Feb 2016	1	327
23	24.44	Sunday 21 Feb 2016	Sunday 21 Feb 2016	Sunday 21 Feb 2016	Sunday 21 Feb 2016	1	454
23	24.7150877192983	Monday 22 Feb 2016	Monday 22 Feb 2016	Monday 22 Feb 2016	Monday 22 Feb 2016	1	212
23	23.46	Tuesday 23 Feb 2016	Tuesday 23 Feb 2016	Tuesday 23 Feb 2016	Tuesday 23 Feb 2016	1	709
23	23.9584482758621	Wednesday 24 Feb 2016	Wednesday 24 Feb 2016	Wednesday 24 Feb 2016	Wednesday 24 Feb 2016	1	837
23	23.46	Thursday 25 Feb 2016	Thursday 25 Feb 2016	Thursday 25 Feb 2016	Thursday 25 Feb 2016	1	594
23	24.321724137931	Friday 26 Feb 2016	Friday 26 Feb 2016	Friday 26 Feb 2016	Friday 26 Feb 2016	1	105
23	24.3436752136752	Saturday 27 Feb 2016	Saturday 27 Feb 2016	Saturday 27 Feb 2016	Saturday 27 Feb 2016	1	355
23	24.3368421052632	Sunday 28 Feb 2016	Sunday 28 Feb 2016	Sunday 28 Feb 2016	Sunday 28 Feb 2016	1	482
23	23.4558474576271	Monday 29 Feb 2016	Monday 29 Feb 2016	Monday 29 Feb 2016	Monday 29 Feb 2016	1	240
23	23.8339473684211	Tuesday 01 Mar 2016	Tuesday 01 Mar 2016	Tuesday 01 Mar 2016	Tuesday 01 Mar 2016	1	619
23	22.97	Wednesday 02 Mar 2016	Wednesday 02 Mar 2016	Wednesday 02 Mar 2016	Wednesday 02 Mar 2016	1	747
23	24.3555172413793	Thursday 03 Mar 2016	Thursday 03 Mar 2016	Thursday 03 Mar 2016	Thursday 03 Mar 2016	1	504
23	23.9795689655172	Friday 04 Mar 2016	Friday 04 Mar 2016	Friday 04 Mar 2016	Friday 04 Mar 2016	1	16
23	24.44	Saturday 05 Mar 2016	Saturday 05 Mar 2016	Saturday 05 Mar 2016	Saturday 05 Mar 2016	1	266
23	24.4315517241379	Sunday 06 Mar 2016	Sunday 06 Mar 2016	Sunday 06 Mar 2016	Sunday 06 Mar 2016	1	393
23	23.9626724137931	Monday 07 Mar 2016	Monday 07 Mar 2016	Monday 07 Mar 2016	Monday 07 Mar 2016	1	151
23	23.9414035087719	Tuesday 08 Mar 2016	Tuesday 08 Mar 2016	Tuesday 08 Mar 2016	Tuesday 08 Mar 2016	1	648
23	23.4937931034483	Wednesday 09 Mar 2016	Wednesday 09 Mar 2016	Wednesday 09 Mar 2016	Wednesday 09 Mar 2016	1	776
23	23.46	Thursday 10 Mar 2016	Thursday 10 Mar 2016	Thursday 10 Mar 2016	Thursday 10 Mar 2016	1	533
23	23.945775862069	Friday 11 Mar 2016	Friday 11 Mar 2016	Friday 11 Mar 2016	Friday 11 Mar 2016	1	45
23	24.2456896551724	Saturday 12 Mar 2016	Saturday 12 Mar 2016	Saturday 12 Mar 2016	Saturday 12 Mar 2016	1	295
23	22.4884482758621	Sunday 13 Mar 2016	Sunday 13 Mar 2016	Sunday 13 Mar 2016	Sunday 13 Mar 2016	1	422
23	23.0893043478261	Monday 14 Mar 2016	Monday 14 Mar 2016	Monday 14 Mar 2016	Monday 14 Mar 2016	1	180
23	22.97	Tuesday 15 Mar 2016	Tuesday 15 Mar 2016	Tuesday 15 Mar 2016	Tuesday 15 Mar 2016	1	677
23	23.2622807017544	Wednesday 16 Mar 2016	Wednesday 16 Mar 2016	Wednesday 16 Mar 2016	Wednesday 16 Mar 2016	1	805
23	23.46	Thursday 17 Mar 2016	Thursday 17 Mar 2016	Thursday 17 Mar 2016	Thursday 17 Mar 2016	1	562
23	23.5928813559322	Friday 18 Mar 2016	Friday 18 Mar 2016	Friday 18 Mar 2016	Friday 18 Mar 2016	1	74
23	24.6638793103448	Saturday 19 Mar 2016	Saturday 19 Mar 2016	Saturday 19 Mar 2016	Saturday 19 Mar 2016	1	324
23	24.93	Sunday 20 Mar 2016	Sunday 20 Mar 2016	Sunday 20 Mar 2016	Sunday 20 Mar 2016	1	451
23	24.2287931034483	Monday 21 Mar 2016	Monday 21 Mar 2016	Monday 21 Mar 2016	Monday 21 Mar 2016	1	209
23	24.3278813559322	Tuesday 22 Mar 2016	Tuesday 22 Mar 2016	Tuesday 22 Mar 2016	Tuesday 22 Mar 2016	1	706
23	23.5529310344828	Wednesday 23 Mar 2016	Wednesday 23 Mar 2016	Wednesday 23 Mar 2016	Wednesday 23 Mar 2016	1	834
23	23.7565789473684	Thursday 24 Mar 2016	Thursday 24 Mar 2016	Thursday 24 Mar 2016	Thursday 24 Mar 2016	1	591
23	24.3583333333333	Friday 25 Mar 2016	Friday 25 Mar 2016	Friday 25 Mar 2016	Friday 25 Mar 2016	1	102
23	24.44	Saturday 26 Mar 2016	Saturday 26 Mar 2016	Saturday 26 Mar 2016	Saturday 26 Mar 2016	1	352
23	23.7350877192982	Sunday 27 Mar 2016	Sunday 27 Mar 2016	Sunday 27 Mar 2016	Sunday 27 Mar 2016	1	479
23	24.2379824561404	Monday 28 Mar 2016	Monday 28 Mar 2016	Monday 28 Mar 2016	Monday 28 Mar 2016	1	237
23	24.2422807017544	Tuesday 29 Mar 2016	Tuesday 29 Mar 2016	Tuesday 29 Mar 2016	Tuesday 29 Mar 2016	1	734
23	23.5244736842105	Wednesday 30 Mar 2016	Wednesday 30 Mar 2016	Wednesday 30 Mar 2016	Wednesday 30 Mar 2016	1	861
23	23.7135964912281	Thursday 31 Mar 2016	Thursday 31 Mar 2016	Thursday 31 Mar 2016	Thursday 31 Mar 2016	1	617
23	24.0058771929825	Friday 01 Apr 2016	Friday 01 Apr 2016	Friday 01 Apr 2016	Friday 01 Apr 2016	1	1
23	23.9628947368421	Saturday 02 Apr 2016	Saturday 02 Apr 2016	Saturday 02 Apr 2016	Saturday 02 Apr 2016	1	251
23	23.8866379310345	Sunday 03 Apr 2016	Sunday 03 Apr 2016	Sunday 03 Apr 2016	Sunday 03 Apr 2016	1	378
23	24.4228070175439	Monday 04 Apr 2016	Monday 04 Apr 2016	Monday 04 Apr 2016	Monday 04 Apr 2016	1	135
23	24.0607826086957	Tuesday 05 Apr 2016	Tuesday 05 Apr 2016	Tuesday 05 Apr 2016	Tuesday 05 Apr 2016	1	632
23	23.9248717948718	Wednesday 06 Apr 2016	Wednesday 06 Apr 2016	Wednesday 06 Apr 2016	Wednesday 06 Apr 2016	1	760
23	23.1812068965517	Thursday 07 Apr 2016	Thursday 07 Apr 2016	Thursday 07 Apr 2016	Thursday 07 Apr 2016	1	517
23	23.5102564102564	Friday 08 Apr 2016	Friday 08 Apr 2016	Friday 08 Apr 2016	Friday 08 Apr 2016	1	29
23	24.0058771929825	Saturday 09 Apr 2016	Saturday 09 Apr 2016	Saturday 09 Apr 2016	Saturday 09 Apr 2016	1	279
23	23.95	Sunday 10 Apr 2016	Sunday 10 Apr 2016	Sunday 10 Apr 2016	Sunday 10 Apr 2016	1	406
23	22.9828947368421	Monday 11 Apr 2016	Monday 11 Apr 2016	Monday 11 Apr 2016	Monday 11 Apr 2016	1	164
23	23.8369230769231	Tuesday 12 Apr 2016	Tuesday 12 Apr 2016	Tuesday 12 Apr 2016	Tuesday 12 Apr 2016	1	661
23	23.3267543859649	Wednesday 13 Apr 2016	Wednesday 13 Apr 2016	Wednesday 13 Apr 2016	Wednesday 13 Apr 2016	1	789
23	24.0670796460177	Thursday 14 Apr 2016	Thursday 14 Apr 2016	Thursday 14 Apr 2016	Thursday 14 Apr 2016	1	546
23	23.46	Friday 15 Apr 2016	Friday 15 Apr 2016	Friday 15 Apr 2016	Friday 15 Apr 2016	1	58
23	22.97	Saturday 16 Apr 2016	Saturday 16 Apr 2016	Saturday 16 Apr 2016	Saturday 16 Apr 2016	1	308
23	25.4073275862069	Sunday 17 Apr 2016	Sunday 17 Apr 2016	Sunday 17 Apr 2016	Sunday 17 Apr 2016	1	435
23	23.46	Monday 18 Apr 2016	Monday 18 Apr 2016	Monday 18 Apr 2016	Monday 18 Apr 2016	1	193
23	24.7365789473684	Tuesday 19 Apr 2016	Tuesday 19 Apr 2016	Tuesday 19 Apr 2016	Tuesday 19 Apr 2016	1	690
23	24.5160344827586	Wednesday 20 Apr 2016	Wednesday 20 Apr 2016	Wednesday 20 Apr 2016	Wednesday 20 Apr 2016	1	818
23	23.9119827586207	Thursday 21 Apr 2016	Thursday 21 Apr 2016	Thursday 21 Apr 2016	Thursday 21 Apr 2016	1	575
23	22.97	Friday 22 Apr 2016	Friday 22 Apr 2016	Friday 22 Apr 2016	Friday 22 Apr 2016	1	86
23	22.1462931034483	Saturday 23 Apr 2016	Saturday 23 Apr 2016	Saturday 23 Apr 2016	Saturday 23 Apr 2016	1	336
23	22.4885964912281	Sunday 24 Apr 2016	Sunday 24 Apr 2016	Sunday 24 Apr 2016	Sunday 24 Apr 2016	1	463
23	22.48	Monday 25 Apr 2016	Monday 25 Apr 2016	Monday 25 Apr 2016	Monday 25 Apr 2016	1	221
23	22.48	Tuesday 26 Apr 2016	Tuesday 26 Apr 2016	Tuesday 26 Apr 2016	Tuesday 26 Apr 2016	1	718
23	22.0068965517241	Wednesday 27 Apr 2016	Wednesday 27 Apr 2016	Wednesday 27 Apr 2016	Wednesday 27 Apr 2016	1	846
23	22.0618103448276	Thursday 28 Apr 2016	Thursday 28 Apr 2016	Thursday 28 Apr 2016	Thursday 28 Apr 2016	1	603
23	21.8618965517241	Friday 29 Apr 2016	Friday 29 Apr 2016	Friday 29 Apr 2016	Friday 29 Apr 2016	1	114
23	22.0113043478261	Saturday 30 Apr 2016	Saturday 30 Apr 2016	Saturday 30 Apr 2016	Saturday 30 Apr 2016	1	364
23	21.99	Sunday 01 May 2016	Sunday 01 May 2016	Sunday 01 May 2016	Sunday 01 May 2016	1	373
23	22.4590598290598	Monday 02 May 2016	Monday 02 May 2016	Monday 02 May 2016	Monday 02 May 2016	1	130
23	22.8475	Tuesday 03 May 2016	Tuesday 03 May 2016	Tuesday 03 May 2016	Tuesday 03 May 2016	1	627
23	22.3897368421053	Wednesday 04 May 2016	Wednesday 04 May 2016	Wednesday 04 May 2016	Wednesday 04 May 2016	1	755
23	22.5007627118644	Thursday 05 May 2016	Thursday 05 May 2016	Thursday 05 May 2016	Thursday 05 May 2016	1	512
23	22.5644827586207	Friday 06 May 2016	Friday 06 May 2016	Friday 06 May 2016	Friday 06 May 2016	1	24
23	22.4928947368421	Saturday 07 May 2016	Saturday 07 May 2016	Saturday 07 May 2016	Saturday 07 May 2016	1	274
23	21.5995614035088	Sunday 08 May 2016	Sunday 08 May 2016	Sunday 08 May 2016	Sunday 08 May 2016	1	401
23	22.475701754386	Monday 09 May 2016	Monday 09 May 2016	Monday 09 May 2016	Monday 09 May 2016	1	159
23	22.5960526315789	Tuesday 10 May 2016	Tuesday 10 May 2016	Tuesday 10 May 2016	Tuesday 10 May 2016	1	656
23	22.735652173913	Wednesday 11 May 2016	Wednesday 11 May 2016	Wednesday 11 May 2016	Wednesday 11 May 2016	1	784
23	21.9457894736842	Thursday 12 May 2016	Thursday 12 May 2016	Thursday 12 May 2016	Thursday 12 May 2016	1	541
23	22.2395614035088	Friday 13 May 2016	Friday 13 May 2016	Friday 13 May 2016	Friday 13 May 2016	1	53
23	22.48	Saturday 14 May 2016	Saturday 14 May 2016	Saturday 14 May 2016	Saturday 14 May 2016	1	303
23	22.2221052631579	Sunday 15 May 2016	Sunday 15 May 2016	Sunday 15 May 2016	Sunday 15 May 2016	1	430
23	21.3241379310345	Monday 16 May 2016	Monday 16 May 2016	Monday 16 May 2016	Monday 16 May 2016	1	188
23	21.8539655172414	Tuesday 17 May 2016	Tuesday 17 May 2016	Tuesday 17 May 2016	Tuesday 17 May 2016	1	685
23	21.7010344827586	Wednesday 18 May 2016	Wednesday 18 May 2016	Wednesday 18 May 2016	Wednesday 18 May 2016	1	813
23	22.484224137931	Thursday 19 May 2016	Thursday 19 May 2016	Thursday 19 May 2016	Thursday 19 May 2016	1	570
23	21.3366379310345	Friday 20 May 2016	Friday 20 May 2016	Friday 20 May 2016	Friday 20 May 2016	1	81
23	22.97	Saturday 21 May 2016	Saturday 21 May 2016	Saturday 21 May 2016	Saturday 21 May 2016	1	331
23	22.48	Sunday 22 May 2016	Sunday 22 May 2016	Sunday 22 May 2016	Sunday 22 May 2016	1	458
23	22.48	Monday 23 May 2016	Monday 23 May 2016	Monday 23 May 2016	Monday 23 May 2016	1	216
23	21.5181355932203	Tuesday 24 May 2016	Tuesday 24 May 2016	Tuesday 24 May 2016	Tuesday 24 May 2016	1	713
23	21.5015517241379	Wednesday 25 May 2016	Wednesday 25 May 2016	Wednesday 25 May 2016	Wednesday 25 May 2016	1	841
23	21.1113559322034	Thursday 26 May 2016	Thursday 26 May 2016	Thursday 26 May 2016	Thursday 26 May 2016	1	598
23	22.2120689655172	Friday 27 May 2016	Friday 27 May 2016	Friday 27 May 2016	Friday 27 May 2016	1	109
23	22.48	Saturday 28 May 2016	Saturday 28 May 2016	Saturday 28 May 2016	Saturday 28 May 2016	1	359
23	22.48	Sunday 29 May 2016	Sunday 29 May 2016	Sunday 29 May 2016	Sunday 29 May 2016	1	486
23	22.9113675213675	Monday 30 May 2016	Monday 30 May 2016	Monday 30 May 2016	Monday 30 May 2016	1	244
23	21.8965254237288	Tuesday 31 May 2016	Tuesday 31 May 2016	Tuesday 31 May 2016	Tuesday 31 May 2016	1	740
23	22.48	Wednesday 01 Jun 2016	Wednesday 01 Jun 2016	Wednesday 01 Jun 2016	Wednesday 01 Jun 2016	1	743
23	21.6400847457627	Thursday 02 Jun 2016	Thursday 02 Jun 2016	Thursday 02 Jun 2016	Thursday 02 Jun 2016	1	500
23	21.6631034482759	Friday 03 Jun 2016	Friday 03 Jun 2016	Friday 03 Jun 2016	Friday 03 Jun 2016	1	12
23	22.4758474576271	Saturday 04 Jun 2016	Saturday 04 Jun 2016	Saturday 04 Jun 2016	Saturday 04 Jun 2016	1	262
23	21.99	Sunday 05 Jun 2016	Sunday 05 Jun 2016	Sunday 05 Jun 2016	Sunday 05 Jun 2016	1	389
23	22.48	Monday 06 Jun 2016	Monday 06 Jun 2016	Monday 06 Jun 2016	Monday 06 Jun 2016	1	146
23	22.4885217391304	Tuesday 07 Jun 2016	Tuesday 07 Jun 2016	Tuesday 07 Jun 2016	Tuesday 07 Jun 2016	1	643
23	22.4069298245614	Wednesday 08 Jun 2016	Wednesday 08 Jun 2016	Wednesday 08 Jun 2016	Wednesday 08 Jun 2016	1	771
23	21.8162068965517	Thursday 09 Jun 2016	Thursday 09 Jun 2016	Thursday 09 Jun 2016	Thursday 09 Jun 2016	1	528
23	22.4335344827586	Friday 10 Jun 2016	Friday 10 Jun 2016	Friday 10 Jun 2016	Friday 10 Jun 2016	1	40
23	22.3912931034483	Saturday 11 Jun 2016	Saturday 11 Jun 2016	Saturday 11 Jun 2016	Saturday 11 Jun 2016	1	290
23	21.99	Sunday 12 Jun 2016	Sunday 12 Jun 2016	Sunday 12 Jun 2016	Sunday 12 Jun 2016	1	417
23	20.53	Monday 13 Jun 2016	Monday 13 Jun 2016	Monday 13 Jun 2016	Monday 13 Jun 2016	1	175
23	22.9358139534884	Tuesday 14 Jun 2016	Tuesday 14 Jun 2016	Tuesday 14 Jun 2016	Tuesday 14 Jun 2016	1	672
23	21.8542528735632	Wednesday 15 Jun 2016	Wednesday 15 Jun 2016	Wednesday 15 Jun 2016	Wednesday 15 Jun 2016	1	800
23	22.4464	Thursday 16 Jun 2016	Thursday 16 Jun 2016	Thursday 16 Jun 2016	Thursday 16 Jun 2016	1	557
23	21.2818965517241	Friday 17 Jun 2016	Friday 17 Jun 2016	Friday 17 Jun 2016	Friday 17 Jun 2016	1	69
23	21.8523976608187	Saturday 18 Jun 2016	Saturday 18 Jun 2016	Saturday 18 Jun 2016	Saturday 18 Jun 2016	1	319
23	22.374367816092	Sunday 19 Jun 2016	Sunday 19 Jun 2016	Sunday 19 Jun 2016	Sunday 19 Jun 2016	1	446
23	21.1038285714286	Monday 20 Jun 2016	Monday 20 Jun 2016	Monday 20 Jun 2016	Monday 20 Jun 2016	1	204
23	22.48	Tuesday 21 Jun 2016	Tuesday 21 Jun 2016	Tuesday 21 Jun 2016	Tuesday 21 Jun 2016	1	701
23	21.022816091954	Wednesday 22 Jun 2016	Wednesday 22 Jun 2016	Wednesday 22 Jun 2016	Wednesday 22 Jun 2016	1	829
23	22.2977906976744	Thursday 23 Jun 2016	Thursday 23 Jun 2016	Thursday 23 Jun 2016	Thursday 23 Jun 2016	1	586
23	21.4636842105263	Friday 24 Jun 2016	Friday 24 Jun 2016	Friday 24 Jun 2016	Friday 24 Jun 2016	1	97
23	20.9886627906977	Saturday 25 Jun 2016	Saturday 25 Jun 2016	Saturday 25 Jun 2016	Saturday 25 Jun 2016	1	347
23	22.1944	Sunday 26 Jun 2016	Sunday 26 Jun 2016	Sunday 26 Jun 2016	Sunday 26 Jun 2016	1	474
23	21.4682183908046	Monday 27 Jun 2016	Monday 27 Jun 2016	Monday 27 Jun 2016	Monday 27 Jun 2016	1	232
23	21.1608045977012	Tuesday 28 Jun 2016	Tuesday 28 Jun 2016	Tuesday 28 Jun 2016	Tuesday 28 Jun 2016	1	729
23	22.1118079096045	Wednesday 29 Jun 2016	Wednesday 29 Jun 2016	Wednesday 29 Jun 2016	Wednesday 29 Jun 2016	1	856
23	21.4748255813953	Thursday 30 Jun 2016	Thursday 30 Jun 2016	Thursday 30 Jun 2016	Thursday 30 Jun 2016	1	612
23	21.8309302325581	Friday 01 Jul 2016	Friday 01 Jul 2016	Friday 01 Jul 2016	Friday 01 Jul 2016	1	4
23	22.3825730994152	Saturday 02 Jul 2016	Saturday 02 Jul 2016	Saturday 02 Jul 2016	Saturday 02 Jul 2016	1	254
23	21.1257954545455	Sunday 03 Jul 2016	Sunday 03 Jul 2016	Sunday 03 Jul 2016	Sunday 03 Jul 2016	1	381
23	21.0172	Monday 04 Jul 2016	Monday 04 Jul 2016	Monday 04 Jul 2016	Monday 04 Jul 2016	1	138
23	22.6320689655172	Tuesday 05 Jul 2016	Tuesday 05 Jul 2016	Tuesday 05 Jul 2016	Tuesday 05 Jul 2016	1	635
23	21.6325862068966	Wednesday 06 Jul 2016	Wednesday 06 Jul 2016	Wednesday 06 Jul 2016	Wednesday 06 Jul 2016	1	763
23	20.3047126436782	Thursday 07 Jul 2016	Thursday 07 Jul 2016	Thursday 07 Jul 2016	Thursday 07 Jul 2016	1	520
23	19.8991954022989	Friday 08 Jul 2016	Friday 08 Jul 2016	Friday 08 Jul 2016	Friday 08 Jul 2016	1	32
23	21.9651724137931	Saturday 09 Jul 2016	Saturday 09 Jul 2016	Saturday 09 Jul 2016	Saturday 09 Jul 2016	1	282
23	19.796432748538	Sunday 10 Jul 2016	Sunday 10 Jul 2016	Sunday 10 Jul 2016	Sunday 10 Jul 2016	1	409
23	19.55	Monday 11 Jul 2016	Monday 11 Jul 2016	Monday 11 Jul 2016	Monday 11 Jul 2016	1	167
23	20.04	Tuesday 12 Jul 2016	Tuesday 12 Jul 2016	Tuesday 12 Jul 2016	Tuesday 12 Jul 2016	1	664
23	21.821724137931	Wednesday 13 Jul 2016	Wednesday 13 Jul 2016	Wednesday 13 Jul 2016	Wednesday 13 Jul 2016	1	792
23	21.99	Thursday 14 Jul 2016	Thursday 14 Jul 2016	Thursday 14 Jul 2016	Thursday 14 Jul 2016	1	549
23	21.9218181818182	Friday 15 Jul 2016	Friday 15 Jul 2016	Friday 15 Jul 2016	Friday 15 Jul 2016	1	61
23	21.598275862069	Saturday 16 Jul 2016	Saturday 16 Jul 2016	Saturday 16 Jul 2016	Saturday 16 Jul 2016	1	311
23	19.8062643678161	Sunday 17 Jul 2016	Sunday 17 Jul 2016	Sunday 17 Jul 2016	Sunday 17 Jul 2016	1	438
23	20.0956818181818	Monday 18 Jul 2016	Monday 18 Jul 2016	Monday 18 Jul 2016	Monday 18 Jul 2016	1	196
23	20.0766091954023	Tuesday 19 Jul 2016	Tuesday 19 Jul 2016	Tuesday 19 Jul 2016	Tuesday 19 Jul 2016	1	693
23	20.328901734104	Wednesday 20 Jul 2016	Wednesday 20 Jul 2016	Wednesday 20 Jul 2016	Wednesday 20 Jul 2016	1	821
23	19.5753448275862	Thursday 21 Jul 2016	Thursday 21 Jul 2016	Thursday 21 Jul 2016	Thursday 21 Jul 2016	1	578
23	19.4848554913295	Friday 22 Jul 2016	Friday 22 Jul 2016	Friday 22 Jul 2016	Friday 22 Jul 2016	1	89
23	21.6026315789474	Saturday 23 Jul 2016	Saturday 23 Jul 2016	Saturday 23 Jul 2016	Saturday 23 Jul 2016	1	339
23	20.6708045977012	Sunday 24 Jul 2016	Sunday 24 Jul 2016	Sunday 24 Jul 2016	Sunday 24 Jul 2016	1	466
23	20.1554597701149	Monday 25 Jul 2016	Monday 25 Jul 2016	Monday 25 Jul 2016	Monday 25 Jul 2016	1	224
23	20.2737356321839	Tuesday 26 Jul 2016	Tuesday 26 Jul 2016	Tuesday 26 Jul 2016	Tuesday 26 Jul 2016	1	721
23	20.7581034482759	Wednesday 27 Jul 2016	Wednesday 27 Jul 2016	Wednesday 27 Jul 2016	Wednesday 27 Jul 2016	1	849
23	20.6088505747126	Thursday 28 Jul 2016	Thursday 28 Jul 2016	Thursday 28 Jul 2016	Thursday 28 Jul 2016	1	606
23	21.51	Friday 29 Jul 2016	Friday 29 Jul 2016	Friday 29 Jul 2016	Friday 29 Jul 2016	1	117
23	21.51	Saturday 30 Jul 2016	Saturday 30 Jul 2016	Saturday 30 Jul 2016	Saturday 30 Jul 2016	1	367
23	21.4170689655172	Sunday 31 Jul 2016	Sunday 31 Jul 2016	Sunday 31 Jul 2016	Sunday 31 Jul 2016	1	493
23	21.7969767441861	Monday 01 Aug 2016	Monday 01 Aug 2016	Monday 01 Aug 2016	Monday 01 Aug 2016	1	124
23	20.6060344827586	Tuesday 02 Aug 2016	Tuesday 02 Aug 2016	Tuesday 02 Aug 2016	Tuesday 02 Aug 2016	1	621
23	21.0312643678161	Wednesday 03 Aug 2016	Wednesday 03 Aug 2016	Wednesday 03 Aug 2016	Wednesday 03 Aug 2016	1	749
23	20.5413294797688	Thursday 04 Aug 2016	Thursday 04 Aug 2016	Thursday 04 Aug 2016	Thursday 04 Aug 2016	1	506
23	22.482816091954	Friday 05 Aug 2016	Friday 05 Aug 2016	Friday 05 Aug 2016	Friday 05 Aug 2016	1	18
23	22.48	Saturday 06 Aug 2016	Saturday 06 Aug 2016	Saturday 06 Aug 2016	Saturday 06 Aug 2016	1	268
23	22.2948255813954	Sunday 07 Aug 2016	Sunday 07 Aug 2016	Sunday 07 Aug 2016	Sunday 07 Aug 2016	1	395
23	20.532816091954	Monday 08 Aug 2016	Monday 08 Aug 2016	Monday 08 Aug 2016	Monday 08 Aug 2016	1	153
23	22.3374285714286	Tuesday 09 Aug 2016	Tuesday 09 Aug 2016	Tuesday 09 Aug 2016	Tuesday 09 Aug 2016	1	650
23	21.0000581395349	Wednesday 10 Aug 2016	Wednesday 10 Aug 2016	Wednesday 10 Aug 2016	Wednesday 10 Aug 2016	1	778
23	20.5825988700565	Thursday 11 Aug 2016	Thursday 11 Aug 2016	Thursday 11 Aug 2016	Thursday 11 Aug 2016	1	535
23	22.48	Friday 12 Aug 2016	Friday 12 Aug 2016	Friday 12 Aug 2016	Friday 12 Aug 2016	1	47
23	20.899649122807	Saturday 13 Aug 2016	Saturday 13 Aug 2016	Saturday 13 Aug 2016	Saturday 13 Aug 2016	1	297
23	21.99	Sunday 14 Aug 2016	Sunday 14 Aug 2016	Sunday 14 Aug 2016	Sunday 14 Aug 2016	1	424
23	21.301052631579	Monday 15 Aug 2016	Monday 15 Aug 2016	Monday 15 Aug 2016	Monday 15 Aug 2016	1	182
23	22.48	Tuesday 16 Aug 2016	Tuesday 16 Aug 2016	Tuesday 16 Aug 2016	Tuesday 16 Aug 2016	1	679
23	20.7277192982456	Wednesday 17 Aug 2016	Wednesday 17 Aug 2016	Wednesday 17 Aug 2016	Wednesday 17 Aug 2016	1	807
23	20.53	Thursday 18 Aug 2016	Thursday 18 Aug 2016	Thursday 18 Aug 2016	Thursday 18 Aug 2016	1	564
23	22.48	Friday 19 Aug 2016	Friday 19 Aug 2016	Friday 19 Aug 2016	Friday 19 Aug 2016	1	76
23	22.351052631579	Saturday 20 Aug 2016	Saturday 20 Aug 2016	Saturday 20 Aug 2016	Saturday 20 Aug 2016	1	326
23	21.02	Sunday 21 Aug 2016	Sunday 21 Aug 2016	Sunday 21 Aug 2016	Sunday 21 Aug 2016	1	453
23	21.02	Monday 22 Aug 2016	Monday 22 Aug 2016	Monday 22 Aug 2016	Monday 22 Aug 2016	1	211
23	22.0780701754386	Tuesday 23 Aug 2016	Tuesday 23 Aug 2016	Tuesday 23 Aug 2016	Tuesday 23 Aug 2016	1	708
23	22.2994736842105	Wednesday 24 Aug 2016	Wednesday 24 Aug 2016	Wednesday 24 Aug 2016	Wednesday 24 Aug 2016	1	836
23	21.7982456140351	Thursday 25 Aug 2016	Thursday 25 Aug 2016	Thursday 25 Aug 2016	Thursday 25 Aug 2016	1	593
23	22.4885964912281	Friday 26 Aug 2016	Friday 26 Aug 2016	Friday 26 Aug 2016	Friday 26 Aug 2016	1	104
23	22.48	Saturday 27 Aug 2016	Saturday 27 Aug 2016	Saturday 27 Aug 2016	Saturday 27 Aug 2016	1	354
23	21.02	Sunday 28 Aug 2016	Sunday 28 Aug 2016	Sunday 28 Aug 2016	Sunday 28 Aug 2016	1	481
23	22.2659649122807	Monday 29 Aug 2016	Monday 29 Aug 2016	Monday 29 Aug 2016	Monday 29 Aug 2016	1	239
23	21.0887719298246	Tuesday 30 Aug 2016	Tuesday 30 Aug 2016	Tuesday 30 Aug 2016	Tuesday 30 Aug 2016	1	736
23	23.0731578947368	Wednesday 31 Aug 2016	Wednesday 31 Aug 2016	Wednesday 31 Aug 2016	Wednesday 31 Aug 2016	1	863
23	22.9446551724138	Thursday 01 Sep 2016	Thursday 01 Sep 2016	Thursday 01 Sep 2016	Thursday 01 Sep 2016	1	498
23	22.2860344827586	Friday 02 Sep 2016	Friday 02 Sep 2016	Friday 02 Sep 2016	Friday 02 Sep 2016	1	10
23	22.48	Saturday 03 Sep 2016	Saturday 03 Sep 2016	Saturday 03 Sep 2016	Saturday 03 Sep 2016	1	260
23	21.8825862068966	Sunday 04 Sep 2016	Sunday 04 Sep 2016	Sunday 04 Sep 2016	Sunday 04 Sep 2016	1	387
23	21.4931034482759	Monday 05 Sep 2016	Monday 05 Sep 2016	Monday 05 Sep 2016	Monday 05 Sep 2016	1	144
23	21.5560344827586	Tuesday 06 Sep 2016	Tuesday 06 Sep 2016	Tuesday 06 Sep 2016	Tuesday 06 Sep 2016	1	641
23	22.0677586206897	Wednesday 07 Sep 2016	Wednesday 07 Sep 2016	Wednesday 07 Sep 2016	Wednesday 07 Sep 2016	1	769
23	22.4293103448276	Thursday 08 Sep 2016	Thursday 08 Sep 2016	Thursday 08 Sep 2016	Thursday 08 Sep 2016	1	526
23	21.6239655172414	Friday 09 Sep 2016	Friday 09 Sep 2016	Friday 09 Sep 2016	Friday 09 Sep 2016	1	38
23	22.48	Saturday 10 Sep 2016	Saturday 10 Sep 2016	Saturday 10 Sep 2016	Saturday 10 Sep 2016	1	288
23	22.48	Sunday 11 Sep 2016	Sunday 11 Sep 2016	Sunday 11 Sep 2016	Sunday 11 Sep 2016	1	415
23	21.0791379310345	Monday 12 Sep 2016	Monday 12 Sep 2016	Monday 12 Sep 2016	Monday 12 Sep 2016	1	173
23	21.391724137931	Tuesday 13 Sep 2016	Tuesday 13 Sep 2016	Tuesday 13 Sep 2016	Tuesday 13 Sep 2016	1	670
23	21.3325862068966	Wednesday 14 Sep 2016	Wednesday 14 Sep 2016	Wednesday 14 Sep 2016	Wednesday 14 Sep 2016	1	798
23	22.116724137931	Thursday 15 Sep 2016	Thursday 15 Sep 2016	Thursday 15 Sep 2016	Thursday 15 Sep 2016	1	555
23	22.97	Friday 16 Sep 2016	Friday 16 Sep 2016	Friday 16 Sep 2016	Friday 16 Sep 2016	1	67
23	22.48	Saturday 17 Sep 2016	Saturday 17 Sep 2016	Saturday 17 Sep 2016	Saturday 17 Sep 2016	1	317
23	22.3279310344828	Sunday 18 Sep 2016	Sunday 18 Sep 2016	Sunday 18 Sep 2016	Sunday 18 Sep 2016	1	444
23	21.75	Monday 19 Sep 2016	Monday 19 Sep 2016	Monday 19 Sep 2016	Monday 19 Sep 2016	1	202
23	22.6236206896552	Tuesday 20 Sep 2016	Tuesday 20 Sep 2016	Tuesday 20 Sep 2016	Tuesday 20 Sep 2016	1	699
23	22.0363793103448	Wednesday 21 Sep 2016	Wednesday 21 Sep 2016	Wednesday 21 Sep 2016	Wednesday 21 Sep 2016	1	827
23	21.51	Thursday 22 Sep 2016	Thursday 22 Sep 2016	Thursday 22 Sep 2016	Thursday 22 Sep 2016	1	584
23	21.7010344827586	Friday 23 Sep 2016	Friday 23 Sep 2016	Friday 23 Sep 2016	Friday 23 Sep 2016	1	95
23	21.99	Saturday 24 Sep 2016	Saturday 24 Sep 2016	Saturday 24 Sep 2016	Saturday 24 Sep 2016	1	345
23	22.361724137931	Sunday 25 Sep 2016	Sunday 25 Sep 2016	Sunday 25 Sep 2016	Sunday 25 Sep 2016	1	472
23	22.5137931034483	Monday 26 Sep 2016	Monday 26 Sep 2016	Monday 26 Sep 2016	Monday 26 Sep 2016	1	230
23	21.6005172413793	Tuesday 27 Sep 2016	Tuesday 27 Sep 2016	Tuesday 27 Sep 2016	Tuesday 27 Sep 2016	1	727
23	21.8047368421053	Wednesday 28 Sep 2016	Wednesday 28 Sep 2016	Wednesday 28 Sep 2016	Wednesday 28 Sep 2016	1	855
23	23.3138596491228	Thursday 29 Sep 2016	Thursday 29 Sep 2016	Thursday 29 Sep 2016	Thursday 29 Sep 2016	1	611
23	22.4884482758621	Friday 30 Sep 2016	Friday 30 Sep 2016	Friday 30 Sep 2016	Friday 30 Sep 2016	1	122
23	22.48	Saturday 01 Oct 2016	Saturday 01 Oct 2016	Saturday 01 Oct 2016	Saturday 01 Oct 2016	1	250
23	22.48	Sunday 02 Oct 2016	Sunday 02 Oct 2016	Sunday 02 Oct 2016	Sunday 02 Oct 2016	1	377
23	22.4884482758621	Monday 03 Oct 2016	Monday 03 Oct 2016	Monday 03 Oct 2016	Monday 03 Oct 2016	1	134
23	21.8163793103448	Tuesday 04 Oct 2016	Tuesday 04 Oct 2016	Tuesday 04 Oct 2016	Tuesday 04 Oct 2016	1	631
23	22.5053448275862	Wednesday 05 Oct 2016	Wednesday 05 Oct 2016	Wednesday 05 Oct 2016	Wednesday 05 Oct 2016	1	759
23	22.4715517241379	Thursday 06 Oct 2016	Thursday 06 Oct 2016	Thursday 06 Oct 2016	Thursday 06 Oct 2016	1	516
23	21.0115517241379	Friday 07 Oct 2016	Friday 07 Oct 2016	Friday 07 Oct 2016	Friday 07 Oct 2016	1	28
23	22.4885964912281	Saturday 08 Oct 2016	Saturday 08 Oct 2016	Saturday 08 Oct 2016	Saturday 08 Oct 2016	1	278
23	21.99	Sunday 09 Oct 2016	Sunday 09 Oct 2016	Sunday 09 Oct 2016	Sunday 09 Oct 2016	1	405
23	22.1705263157895	Monday 10 Oct 2016	Monday 10 Oct 2016	Monday 10 Oct 2016	Monday 10 Oct 2016	1	163
23	22.1447368421053	Tuesday 11 Oct 2016	Tuesday 11 Oct 2016	Tuesday 11 Oct 2016	Tuesday 11 Oct 2016	1	660
23	21.9594736842105	Wednesday 12 Oct 2016	Wednesday 12 Oct 2016	Wednesday 12 Oct 2016	Wednesday 12 Oct 2016	1	788
23	21.2949122807018	Thursday 13 Oct 2016	Thursday 13 Oct 2016	Thursday 13 Oct 2016	Thursday 13 Oct 2016	1	545
23	21.0973684210526	Friday 14 Oct 2016	Friday 14 Oct 2016	Friday 14 Oct 2016	Friday 14 Oct 2016	1	57
23	21.99	Saturday 15 Oct 2016	Saturday 15 Oct 2016	Saturday 15 Oct 2016	Saturday 15 Oct 2016	1	307
23	21.7363157894737	Sunday 16 Oct 2016	Sunday 16 Oct 2016	Sunday 16 Oct 2016	Sunday 16 Oct 2016	1	434
23	21.2838596491228	Monday 17 Oct 2016	Monday 17 Oct 2016	Monday 17 Oct 2016	Monday 17 Oct 2016	1	192
23	24.3024561403509	Tuesday 18 Oct 2016	Tuesday 18 Oct 2016	Tuesday 18 Oct 2016	Tuesday 18 Oct 2016	1	689
23	22.4456140350877	Wednesday 19 Oct 2016	Wednesday 19 Oct 2016	Wednesday 19 Oct 2016	Wednesday 19 Oct 2016	1	817
23	23.3079310344828	Thursday 20 Oct 2016	Thursday 20 Oct 2016	Thursday 20 Oct 2016	Thursday 20 Oct 2016	1	574
23	21.5844827586207	Friday 21 Oct 2016	Friday 21 Oct 2016	Friday 21 Oct 2016	Friday 21 Oct 2016	1	85
23	20.6313793103448	Saturday 22 Oct 2016	Saturday 22 Oct 2016	Saturday 22 Oct 2016	Saturday 22 Oct 2016	1	335
23	21.758275862069	Sunday 23 Oct 2016	Sunday 23 Oct 2016	Sunday 23 Oct 2016	Sunday 23 Oct 2016	1	462
23	21.0622413793103	Monday 24 Oct 2016	Monday 24 Oct 2016	Monday 24 Oct 2016	Monday 24 Oct 2016	1	220
23	21.5070689655172	Tuesday 25 Oct 2016	Tuesday 25 Oct 2016	Tuesday 25 Oct 2016	Tuesday 25 Oct 2016	1	717
23	21.7996551724138	Wednesday 26 Oct 2016	Wednesday 26 Oct 2016	Wednesday 26 Oct 2016	Wednesday 26 Oct 2016	1	845
23	21.4327586206897	Thursday 27 Oct 2016	Thursday 27 Oct 2016	Thursday 27 Oct 2016	Thursday 27 Oct 2016	1	602
23	22.0660344827586	Friday 28 Oct 2016	Friday 28 Oct 2016	Friday 28 Oct 2016	Friday 28 Oct 2016	1	113
23	21.99	Saturday 29 Oct 2016	Saturday 29 Oct 2016	Saturday 29 Oct 2016	Saturday 29 Oct 2016	1	363
23	20.8003448275862	Sunday 30 Oct 2016	Sunday 30 Oct 2016	Sunday 30 Oct 2016	Sunday 30 Oct 2016	1	490
23	21.2143103448276	Monday 31 Oct 2016	Monday 31 Oct 2016	Monday 31 Oct 2016	Monday 31 Oct 2016	1	247
23	22.97	Tuesday 01 Nov 2016	Tuesday 01 Nov 2016	Tuesday 01 Nov 2016	Tuesday 01 Nov 2016	1	620
23	23.6120689655172	Wednesday 02 Nov 2016	Wednesday 02 Nov 2016	Wednesday 02 Nov 2016	Wednesday 02 Nov 2016	1	748
23	21.6008620689655	Thursday 03 Nov 2016	Thursday 03 Nov 2016	Thursday 03 Nov 2016	Thursday 03 Nov 2016	1	505
23	22.9277586206897	Friday 04 Nov 2016	Friday 04 Nov 2016	Friday 04 Nov 2016	Friday 04 Nov 2016	1	17
23	22.1927586206897	Saturday 05 Nov 2016	Saturday 05 Nov 2016	Saturday 05 Nov 2016	Saturday 05 Nov 2016	1	267
23	21.99	Sunday 06 Nov 2016	Sunday 06 Nov 2016	Sunday 06 Nov 2016	Sunday 06 Nov 2016	1	394
23	22.0587719298246	Monday 07 Nov 2016	Monday 07 Nov 2016	Monday 07 Nov 2016	Monday 07 Nov 2016	1	152
23	22.4456140350877	Tuesday 08 Nov 2016	Tuesday 08 Nov 2016	Tuesday 08 Nov 2016	Tuesday 08 Nov 2016	1	649
23	21.4808620689655	Wednesday 09 Nov 2016	Wednesday 09 Nov 2016	Wednesday 09 Nov 2016	Wednesday 09 Nov 2016	1	777
23	22.9615517241379	Thursday 10 Nov 2016	Thursday 10 Nov 2016	Thursday 10 Nov 2016	Thursday 10 Nov 2016	1	534
23	21.9251724137931	Friday 11 Nov 2016	Friday 11 Nov 2016	Friday 11 Nov 2016	Friday 11 Nov 2016	1	46
23	22.1943103448276	Saturday 12 Nov 2016	Saturday 12 Nov 2016	Saturday 12 Nov 2016	Saturday 12 Nov 2016	1	296
23	22.48	Sunday 13 Nov 2016	Sunday 13 Nov 2016	Sunday 13 Nov 2016	Sunday 13 Nov 2016	1	423
23	21.7168965517241	Monday 14 Nov 2016	Monday 14 Nov 2016	Monday 14 Nov 2016	Monday 14 Nov 2016	1	181
23	22.4715517241379	Tuesday 15 Nov 2016	Tuesday 15 Nov 2016	Tuesday 15 Nov 2016	Tuesday 15 Nov 2016	1	678
23	22.5644827586207	Wednesday 16 Nov 2016	Wednesday 16 Nov 2016	Wednesday 16 Nov 2016	Wednesday 16 Nov 2016	1	806
23	22.0153448275862	Thursday 17 Nov 2016	Thursday 17 Nov 2016	Thursday 17 Nov 2016	Thursday 17 Nov 2016	1	563
23	22.0913793103448	Friday 18 Nov 2016	Friday 18 Nov 2016	Friday 18 Nov 2016	Friday 18 Nov 2016	1	75
23	21.99	Saturday 19 Nov 2016	Saturday 19 Nov 2016	Saturday 19 Nov 2016	Saturday 19 Nov 2016	1	325
23	21.9568965517241	Sunday 20 Nov 2016	Sunday 20 Nov 2016	Sunday 20 Nov 2016	Sunday 20 Nov 2016	1	452
23	21.6898275862069	Monday 21 Nov 2016	Monday 21 Nov 2016	Monday 21 Nov 2016	Monday 21 Nov 2016	1	210
23	21.3146551724138	Tuesday 22 Nov 2016	Tuesday 22 Nov 2016	Tuesday 22 Nov 2016	Tuesday 22 Nov 2016	1	707
23	22.606724137931	Wednesday 23 Nov 2016	Wednesday 23 Nov 2016	Wednesday 23 Nov 2016	Wednesday 23 Nov 2016	1	835
23	23.6120689655172	Thursday 24 Nov 2016	Thursday 24 Nov 2016	Thursday 24 Nov 2016	Thursday 24 Nov 2016	1	592
23	22.598275862069	Friday 25 Nov 2016	Friday 25 Nov 2016	Friday 25 Nov 2016	Friday 25 Nov 2016	1	103
23	23.46	Saturday 26 Nov 2016	Saturday 26 Nov 2016	Saturday 26 Nov 2016	Saturday 26 Nov 2016	1	353
23	23.2318965517241	Sunday 27 Nov 2016	Sunday 27 Nov 2016	Sunday 27 Nov 2016	Sunday 27 Nov 2016	1	480
23	23.6147368421053	Monday 28 Nov 2016	Monday 28 Nov 2016	Monday 28 Nov 2016	Monday 28 Nov 2016	1	238
23	23.2536842105263	Tuesday 29 Nov 2016	Tuesday 29 Nov 2016	Tuesday 29 Nov 2016	Tuesday 29 Nov 2016	1	735
23	23.2536842105263	Wednesday 30 Nov 2016	Wednesday 30 Nov 2016	Wednesday 30 Nov 2016	Wednesday 30 Nov 2016	1	862
23	24.3024561403509	Thursday 01 Dec 2016	Thursday 01 Dec 2016	Thursday 01 Dec 2016	Thursday 01 Dec 2016	1	494
23	23.46	Friday 02 Dec 2016	Friday 02 Dec 2016	Friday 02 Dec 2016	Friday 02 Dec 2016	1	6
23	23.9929824561404	Saturday 03 Dec 2016	Saturday 03 Dec 2016	Saturday 03 Dec 2016	Saturday 03 Dec 2016	1	256
23	23.6319298245614	Sunday 04 Dec 2016	Sunday 04 Dec 2016	Sunday 04 Dec 2016	Sunday 04 Dec 2016	1	383
23	22.8238596491228	Monday 05 Dec 2016	Monday 05 Dec 2016	Monday 05 Dec 2016	Monday 05 Dec 2016	1	140
23	22.97	Tuesday 06 Dec 2016	Tuesday 06 Dec 2016	Tuesday 06 Dec 2016	Tuesday 06 Dec 2016	1	637
23	22.97	Wednesday 07 Dec 2016	Wednesday 07 Dec 2016	Wednesday 07 Dec 2016	Wednesday 07 Dec 2016	1	765
23	23.6120689655172	Thursday 08 Dec 2016	Thursday 08 Dec 2016	Thursday 08 Dec 2016	Thursday 08 Dec 2016	1	522
23	23.4768965517241	Friday 09 Dec 2016	Friday 09 Dec 2016	Friday 09 Dec 2016	Friday 09 Dec 2016	1	34
23	23.578275862069	Saturday 10 Dec 2016	Saturday 10 Dec 2016	Saturday 10 Dec 2016	Saturday 10 Dec 2016	1	284
23	23.46	Sunday 11 Dec 2016	Sunday 11 Dec 2016	Sunday 11 Dec 2016	Sunday 11 Dec 2016	1	411
23	22.9277586206897	Monday 12 Dec 2016	Monday 12 Dec 2016	Monday 12 Dec 2016	Monday 12 Dec 2016	1	169
23	24.1612068965517	Tuesday 13 Dec 2016	Tuesday 13 Dec 2016	Tuesday 13 Dec 2016	Tuesday 13 Dec 2016	1	666
23	23.4093103448276	Wednesday 14 Dec 2016	Wednesday 14 Dec 2016	Wednesday 14 Dec 2016	Wednesday 14 Dec 2016	1	794
23	22.48	Thursday 15 Dec 2016	Thursday 15 Dec 2016	Thursday 15 Dec 2016	Thursday 15 Dec 2016	1	551
23	23.2910344827586	Friday 16 Dec 2016	Friday 16 Dec 2016	Friday 16 Dec 2016	Friday 16 Dec 2016	1	63
23	23.46	Saturday 17 Dec 2016	Saturday 17 Dec 2016	Saturday 17 Dec 2016	Saturday 17 Dec 2016	1	313
23	23.2318965517241	Sunday 18 Dec 2016	Sunday 18 Dec 2016	Sunday 18 Dec 2016	Sunday 18 Dec 2016	1	440
23	23.46	Monday 19 Dec 2016	Monday 19 Dec 2016	Monday 19 Dec 2016	Monday 19 Dec 2016	1	198
23	23.95	Tuesday 20 Dec 2016	Tuesday 20 Dec 2016	Tuesday 20 Dec 2016	Tuesday 20 Dec 2016	1	695
23	23.9757894736842	Wednesday 21 Dec 2016	Wednesday 21 Dec 2016	Wednesday 21 Dec 2016	Wednesday 21 Dec 2016	1	823
23	23.95	Thursday 22 Dec 2016	Thursday 22 Dec 2016	Thursday 22 Dec 2016	Thursday 22 Dec 2016	1	580
23	23.8984210526316	Friday 23 Dec 2016	Friday 23 Dec 2016	Friday 23 Dec 2016	Friday 23 Dec 2016	1	91
23	23.5115789473684	Saturday 24 Dec 2016	Saturday 24 Dec 2016	Saturday 24 Dec 2016	Saturday 24 Dec 2016	1	341
23	23.46	Sunday 25 Dec 2016	Sunday 25 Dec 2016	Sunday 25 Dec 2016	Sunday 25 Dec 2016	1	468
23	23.46	Monday 26 Dec 2016	Monday 26 Dec 2016	Monday 26 Dec 2016	Monday 26 Dec 2016	1	226
23	22.48	Tuesday 27 Dec 2016	Tuesday 27 Dec 2016	Tuesday 27 Dec 2016	Tuesday 27 Dec 2016	1	723
23	22.5487719298246	Wednesday 28 Dec 2016	Wednesday 28 Dec 2016	Wednesday 28 Dec 2016	Wednesday 28 Dec 2016	1	851
23	23.2318965517241	Thursday 29 Dec 2016	Thursday 29 Dec 2016	Thursday 29 Dec 2016	Thursday 29 Dec 2016	1	608
23	23.46	Friday 30 Dec 2016	Friday 30 Dec 2016	Friday 30 Dec 2016	Friday 30 Dec 2016	1	119
23	23.1305172413793	Saturday 31 Dec 2016	Saturday 31 Dec 2016	Saturday 31 Dec 2016	Saturday 31 Dec 2016	1	369
23	23.46	Sunday 01 Jan 2017	Sunday 01 Jan 2017	Sunday 01 Jan 2017	Sunday 01 Jan 2017	1	372
23	23.4515517241379	Monday 02 Jan 2017	Monday 02 Jan 2017	Monday 02 Jan 2017	Monday 02 Jan 2017	1	129
23	23.4431034482759	Tuesday 03 Jan 2017	Tuesday 03 Jan 2017	Tuesday 03 Jan 2017	Tuesday 03 Jan 2017	1	626
23	23.8063793103448	Wednesday 04 Jan 2017	Wednesday 04 Jan 2017	Wednesday 04 Jan 2017	Wednesday 04 Jan 2017	1	754
23	23.1981034482759	Thursday 05 Jan 2017	Thursday 05 Jan 2017	Thursday 05 Jan 2017	Thursday 05 Jan 2017	1	511
23	23.6491228070175	Friday 06 Jan 2017	Friday 06 Jan 2017	Friday 06 Jan 2017	Friday 06 Jan 2017	1	23
23	23.3740350877193	Saturday 07 Jan 2017	Saturday 07 Jan 2017	Saturday 07 Jan 2017	Saturday 07 Jan 2017	1	273
23	22.8840350877193	Sunday 08 Jan 2017	Sunday 08 Jan 2017	Sunday 08 Jan 2017	Sunday 08 Jan 2017	1	400
23	23.210701754386	Monday 09 Jan 2017	Monday 09 Jan 2017	Monday 09 Jan 2017	Monday 09 Jan 2017	1	158
23	22.9871929824561	Tuesday 10 Jan 2017	Tuesday 10 Jan 2017	Tuesday 10 Jan 2017	Tuesday 10 Jan 2017	1	655
23	23.1812068965517	Wednesday 11 Jan 2017	Wednesday 11 Jan 2017	Wednesday 11 Jan 2017	Wednesday 11 Jan 2017	1	783
23	24.44	Thursday 12 Jan 2017	Thursday 12 Jan 2017	Thursday 12 Jan 2017	Thursday 12 Jan 2017	1	540
23	23.6289655172414	Friday 13 Jan 2017	Friday 13 Jan 2017	Friday 13 Jan 2017	Friday 13 Jan 2017	1	52
23	23.1161403508772	Saturday 14 Jan 2017	Saturday 14 Jan 2017	Saturday 14 Jan 2017	Saturday 14 Jan 2017	1	302
23	23.46	Sunday 15 Jan 2017	Sunday 15 Jan 2017	Sunday 15 Jan 2017	Sunday 15 Jan 2017	1	429
23	23.9414035087719	Monday 16 Jan 2017	Monday 16 Jan 2017	Monday 16 Jan 2017	Monday 16 Jan 2017	1	187
23	23.9843859649123	Tuesday 17 Jan 2017	Tuesday 17 Jan 2017	Tuesday 17 Jan 2017	Tuesday 17 Jan 2017	1	684
23	22.97	Wednesday 18 Jan 2017	Wednesday 18 Jan 2017	Wednesday 18 Jan 2017	Wednesday 18 Jan 2017	1	812
23	23.2708771929825	Thursday 19 Jan 2017	Thursday 19 Jan 2017	Thursday 19 Jan 2017	Thursday 19 Jan 2017	1	569
23	23.5631578947368	Friday 20 Jan 2017	Friday 20 Jan 2017	Friday 20 Jan 2017	Friday 20 Jan 2017	1	80
23	23.95	Saturday 21 Jan 2017	Saturday 21 Jan 2017	Saturday 21 Jan 2017	Saturday 21 Jan 2017	1	330
23	22.7925862068966	Sunday 22 Jan 2017	Sunday 22 Jan 2017	Sunday 22 Jan 2017	Sunday 22 Jan 2017	1	457
23	23.0375862068966	Monday 23 Jan 2017	Monday 23 Jan 2017	Monday 23 Jan 2017	Monday 23 Jan 2017	1	215
23	23.8148275862069	Tuesday 24 Jan 2017	Tuesday 24 Jan 2017	Tuesday 24 Jan 2017	Tuesday 24 Jan 2017	1	712
23	23.46	Wednesday 25 Jan 2017	Wednesday 25 Jan 2017	Wednesday 25 Jan 2017	Wednesday 25 Jan 2017	1	840
23	24.3893103448276	Thursday 26 Jan 2017	Thursday 26 Jan 2017	Thursday 26 Jan 2017	Thursday 26 Jan 2017	1	597
23	22.6658620689655	Friday 27 Jan 2017	Friday 27 Jan 2017	Friday 27 Jan 2017	Friday 27 Jan 2017	1	108
23	22.97	Saturday 28 Jan 2017	Saturday 28 Jan 2017	Saturday 28 Jan 2017	Saturday 28 Jan 2017	1	358
23	22.97	Sunday 29 Jan 2017	Sunday 29 Jan 2017	Sunday 29 Jan 2017	Sunday 29 Jan 2017	1	485
23	23.46	Monday 30 Jan 2017	Monday 30 Jan 2017	Monday 30 Jan 2017	Monday 30 Jan 2017	1	243
23	23.6147368421053	Tuesday 31 Jan 2017	Tuesday 31 Jan 2017	Tuesday 31 Jan 2017	Tuesday 31 Jan 2017	1	739
23	22.7894736842105	Wednesday 01 Feb 2017	Wednesday 01 Feb 2017	Wednesday 01 Feb 2017	Wednesday 01 Feb 2017	1	742
23	23.9757894736842	Thursday 02 Feb 2017	Thursday 02 Feb 2017	Thursday 02 Feb 2017	Thursday 02 Feb 2017	1	499
23	23.1161403508772	Friday 03 Feb 2017	Friday 03 Feb 2017	Friday 03 Feb 2017	Friday 03 Feb 2017	1	11
23	23.46	Saturday 04 Feb 2017	Saturday 04 Feb 2017	Saturday 04 Feb 2017	Saturday 04 Feb 2017	1	261
23	22.97	Sunday 05 Feb 2017	Sunday 05 Feb 2017	Sunday 05 Feb 2017	Sunday 05 Feb 2017	1	388
23	23.219298245614	Monday 06 Feb 2017	Monday 06 Feb 2017	Monday 06 Feb 2017	Monday 06 Feb 2017	1	145
23	23.580350877193	Tuesday 07 Feb 2017	Tuesday 07 Feb 2017	Tuesday 07 Feb 2017	Tuesday 07 Feb 2017	1	642
23	22.97	Wednesday 08 Feb 2017	Wednesday 08 Feb 2017	Wednesday 08 Feb 2017	Wednesday 08 Feb 2017	1	770
23	23.3138596491228	Thursday 09 Feb 2017	Thursday 09 Feb 2017	Thursday 09 Feb 2017	Thursday 09 Feb 2017	1	527
23	23.46	Friday 10 Feb 2017	Friday 10 Feb 2017	Friday 10 Feb 2017	Friday 10 Feb 2017	1	39
23	23.1591228070175	Saturday 11 Feb 2017	Saturday 11 Feb 2017	Saturday 11 Feb 2017	Saturday 11 Feb 2017	1	289
23	23.46	Sunday 12 Feb 2017	Sunday 12 Feb 2017	Sunday 12 Feb 2017	Sunday 12 Feb 2017	1	416
23	23.6921052631579	Monday 13 Feb 2017	Monday 13 Feb 2017	Monday 13 Feb 2017	Monday 13 Feb 2017	1	174
23	23.7979310344828	Tuesday 14 Feb 2017	Tuesday 14 Feb 2017	Tuesday 14 Feb 2017	Tuesday 14 Feb 2017	1	671
23	23.6374137931035	Wednesday 15 Feb 2017	Wednesday 15 Feb 2017	Wednesday 15 Feb 2017	Wednesday 15 Feb 2017	1	799
23	23.8063793103448	Thursday 16 Feb 2017	Thursday 16 Feb 2017	Thursday 16 Feb 2017	Thursday 16 Feb 2017	1	556
23	23.9331034482759	Friday 17 Feb 2017	Friday 17 Feb 2017	Friday 17 Feb 2017	Friday 17 Feb 2017	1	68
23	23.95	Saturday 18 Feb 2017	Saturday 18 Feb 2017	Saturday 18 Feb 2017	Saturday 18 Feb 2017	1	318
23	23.95	Sunday 19 Feb 2017	Sunday 19 Feb 2017	Sunday 19 Feb 2017	Sunday 19 Feb 2017	1	445
23	23.9162068965517	Monday 20 Feb 2017	Monday 20 Feb 2017	Monday 20 Feb 2017	Monday 20 Feb 2017	1	203
23	22.97	Tuesday 21 Feb 2017	Tuesday 21 Feb 2017	Tuesday 21 Feb 2017	Tuesday 21 Feb 2017	1	700
23	23.46	Wednesday 22 Feb 2017	Wednesday 22 Feb 2017	Wednesday 22 Feb 2017	Wednesday 22 Feb 2017	1	828
23	22.9953448275862	Thursday 23 Feb 2017	Thursday 23 Feb 2017	Thursday 23 Feb 2017	Thursday 23 Feb 2017	1	585
23	23.9668965517241	Friday 24 Feb 2017	Friday 24 Feb 2017	Friday 24 Feb 2017	Friday 24 Feb 2017	1	96
23	23.6120689655172	Saturday 25 Feb 2017	Saturday 25 Feb 2017	Saturday 25 Feb 2017	Saturday 25 Feb 2017	1	346
23	24.0091379310345	Sunday 26 Feb 2017	Sunday 26 Feb 2017	Sunday 26 Feb 2017	Sunday 26 Feb 2017	1	473
23	23.4943859649123	Monday 27 Feb 2017	Monday 27 Feb 2017	Monday 27 Feb 2017	Monday 27 Feb 2017	1	231
23	23.46	Tuesday 28 Feb 2017	Tuesday 28 Feb 2017	Tuesday 28 Feb 2017	Tuesday 28 Feb 2017	1	728
23	23.7810344827586	Wednesday 01 Mar 2017	Wednesday 01 Mar 2017	Wednesday 01 Mar 2017	Wednesday 01 Mar 2017	1	744
23	23.6289655172414	Thursday 02 Mar 2017	Thursday 02 Mar 2017	Thursday 02 Mar 2017	Thursday 02 Mar 2017	1	501
23	23.46	Friday 03 Mar 2017	Friday 03 Mar 2017	Friday 03 Mar 2017	Friday 03 Mar 2017	1	13
23	22.97	Saturday 04 Mar 2017	Saturday 04 Mar 2017	Saturday 04 Mar 2017	Saturday 04 Mar 2017	1	263
23	23.9415517241379	Sunday 05 Mar 2017	Sunday 05 Mar 2017	Sunday 05 Mar 2017	Sunday 05 Mar 2017	1	390
23	23.5022413793103	Monday 06 Mar 2017	Monday 06 Mar 2017	Monday 06 Mar 2017	Monday 06 Mar 2017	1	147
23	24.3048275862069	Tuesday 07 Mar 2017	Tuesday 07 Mar 2017	Tuesday 07 Mar 2017	Tuesday 07 Mar 2017	1	644
23	23.7134482758621	Wednesday 08 Mar 2017	Wednesday 08 Mar 2017	Wednesday 08 Mar 2017	Wednesday 08 Mar 2017	1	772
23	23.3924137931035	Thursday 09 Mar 2017	Thursday 09 Mar 2017	Thursday 09 Mar 2017	Thursday 09 Mar 2017	1	529
23	23.7303448275862	Friday 10 Mar 2017	Friday 10 Mar 2017	Friday 10 Mar 2017	Friday 10 Mar 2017	1	41
23	22.97	Saturday 11 Mar 2017	Saturday 11 Mar 2017	Saturday 11 Mar 2017	Saturday 11 Mar 2017	1	291
23	23.9414035087719	Sunday 12 Mar 2017	Sunday 12 Mar 2017	Sunday 12 Mar 2017	Sunday 12 Mar 2017	1	418
23	23.6233333333333	Monday 13 Mar 2017	Monday 13 Mar 2017	Monday 13 Mar 2017	Monday 13 Mar 2017	1	176
23	23.46	Tuesday 14 Mar 2017	Tuesday 14 Mar 2017	Tuesday 14 Mar 2017	Tuesday 14 Mar 2017	1	673
23	23.8382456140351	Wednesday 15 Mar 2017	Wednesday 15 Mar 2017	Wednesday 15 Mar 2017	Wednesday 15 Mar 2017	1	801
23	22.97	Thursday 16 Mar 2017	Thursday 16 Mar 2017	Thursday 16 Mar 2017	Thursday 16 Mar 2017	1	558
23	22.97	Friday 17 Mar 2017	Friday 17 Mar 2017	Friday 17 Mar 2017	Friday 17 Mar 2017	1	70
23	23.333275862069	Saturday 18 Mar 2017	Saturday 18 Mar 2017	Saturday 18 Mar 2017	Saturday 18 Mar 2017	1	320
23	22.97	Sunday 19 Mar 2017	Sunday 19 Mar 2017	Sunday 19 Mar 2017	Sunday 19 Mar 2017	1	447
23	22.97	Monday 20 Mar 2017	Monday 20 Mar 2017	Monday 20 Mar 2017	Monday 20 Mar 2017	1	205
23	23.3924137931035	Tuesday 21 Mar 2017	Tuesday 21 Mar 2017	Tuesday 21 Mar 2017	Tuesday 21 Mar 2017	1	702
23	23.9415517241379	Wednesday 22 Mar 2017	Wednesday 22 Mar 2017	Wednesday 22 Mar 2017	Wednesday 22 Mar 2017	1	830
23	22.97	Thursday 23 Mar 2017	Thursday 23 Mar 2017	Thursday 23 Mar 2017	Thursday 23 Mar 2017	1	587
23	23.4177586206897	Friday 24 Mar 2017	Friday 24 Mar 2017	Friday 24 Mar 2017	Friday 24 Mar 2017	1	98
23	22.48	Saturday 25 Mar 2017	Saturday 25 Mar 2017	Saturday 25 Mar 2017	Saturday 25 Mar 2017	1	348
23	22.48	Sunday 26 Mar 2017	Sunday 26 Mar 2017	Sunday 26 Mar 2017	Sunday 26 Mar 2017	1	475
23	23.2318965517241	Monday 27 Mar 2017	Monday 27 Mar 2017	Monday 27 Mar 2017	Monday 27 Mar 2017	1	233
23	23.4684482758621	Tuesday 28 Mar 2017	Tuesday 28 Mar 2017	Tuesday 28 Mar 2017	Tuesday 28 Mar 2017	1	730
23	25.048275862069	Wednesday 29 Mar 2017	Wednesday 29 Mar 2017	Wednesday 29 Mar 2017	Wednesday 29 Mar 2017	1	857
23	23.0713793103448	Thursday 30 Mar 2017	Thursday 30 Mar 2017	Thursday 30 Mar 2017	Thursday 30 Mar 2017	1	613
23	22.9528070175439	Friday 31 Mar 2017	Friday 31 Mar 2017	Friday 31 Mar 2017	Friday 31 Mar 2017	1	123
23	23.1505263157895	Saturday 01 Apr 2017	Saturday 01 Apr 2017	Saturday 01 Apr 2017	Saturday 01 Apr 2017	1	248
23	23.1505263157895	Sunday 02 Apr 2017	Sunday 02 Apr 2017	Sunday 02 Apr 2017	Sunday 02 Apr 2017	1	375
23	24.1735087719298	Monday 03 Apr 2017	Monday 03 Apr 2017	Monday 03 Apr 2017	Monday 03 Apr 2017	1	132
23	23.6233333333333	Tuesday 04 Apr 2017	Tuesday 04 Apr 2017	Tuesday 04 Apr 2017	Tuesday 04 Apr 2017	1	629
23	23.1505263157895	Wednesday 05 Apr 2017	Wednesday 05 Apr 2017	Wednesday 05 Apr 2017	Wednesday 05 Apr 2017	1	757
23	22.97	Thursday 06 Apr 2017	Thursday 06 Apr 2017	Thursday 06 Apr 2017	Thursday 06 Apr 2017	1	514
23	23.2994827586207	Friday 07 Apr 2017	Friday 07 Apr 2017	Friday 07 Apr 2017	Friday 07 Apr 2017	1	26
23	22.6489655172414	Saturday 08 Apr 2017	Saturday 08 Apr 2017	Saturday 08 Apr 2017	Saturday 08 Apr 2017	1	276
23	24.3808620689655	Sunday 09 Apr 2017	Sunday 09 Apr 2017	Sunday 09 Apr 2017	Sunday 09 Apr 2017	1	403
23	26.39	Monday 10 Apr 2017	Monday 10 Apr 2017	Monday 10 Apr 2017	Monday 10 Apr 2017	1	161
23	23.831724137931	Tuesday 11 Apr 2017	Tuesday 11 Apr 2017	Tuesday 11 Apr 2017	Tuesday 11 Apr 2017	1	658
23	23.0544827586207	Wednesday 12 Apr 2017	Wednesday 12 Apr 2017	Wednesday 12 Apr 2017	Wednesday 12 Apr 2017	1	786
23	22.9531034482759	Thursday 13 Apr 2017	Thursday 13 Apr 2017	Thursday 13 Apr 2017	Thursday 13 Apr 2017	1	543
23	22.97	Friday 14 Apr 2017	Friday 14 Apr 2017	Friday 14 Apr 2017	Friday 14 Apr 2017	1	55
23	23.4431034482759	Saturday 15 Apr 2017	Saturday 15 Apr 2017	Saturday 15 Apr 2017	Saturday 15 Apr 2017	1	305
23	24.3386206896552	Sunday 16 Apr 2017	Sunday 16 Apr 2017	Sunday 16 Apr 2017	Sunday 16 Apr 2017	1	432
23	23.0037931034483	Monday 17 Apr 2017	Monday 17 Apr 2017	Monday 17 Apr 2017	Monday 17 Apr 2017	1	190
23	23.46	Tuesday 18 Apr 2017	Tuesday 18 Apr 2017	Tuesday 18 Apr 2017	Tuesday 18 Apr 2017	1	687
23	23.6205172413793	Wednesday 19 Apr 2017	Wednesday 19 Apr 2017	Wednesday 19 Apr 2017	Wednesday 19 Apr 2017	1	815
23	24.4571929824561	Thursday 20 Apr 2017	Thursday 20 Apr 2017	Thursday 20 Apr 2017	Thursday 20 Apr 2017	1	572
23	23.7952631578947	Friday 21 Apr 2017	Friday 21 Apr 2017	Friday 21 Apr 2017	Friday 21 Apr 2017	1	83
23	22.97	Saturday 22 Apr 2017	Saturday 22 Apr 2017	Saturday 22 Apr 2017	Saturday 22 Apr 2017	1	333
23	23.4170175438597	Sunday 23 Apr 2017	Sunday 23 Apr 2017	Sunday 23 Apr 2017	Sunday 23 Apr 2017	1	460
23	24.0015789473684	Monday 24 Apr 2017	Monday 24 Apr 2017	Monday 24 Apr 2017	Monday 24 Apr 2017	1	218
23	22.97	Tuesday 25 Apr 2017	Tuesday 25 Apr 2017	Tuesday 25 Apr 2017	Tuesday 25 Apr 2017	1	715
23	23.5975438596491	Wednesday 26 Apr 2017	Wednesday 26 Apr 2017	Wednesday 26 Apr 2017	Wednesday 26 Apr 2017	1	843
23	24.8612280701754	Thursday 27 Apr 2017	Thursday 27 Apr 2017	Thursday 27 Apr 2017	Thursday 27 Apr 2017	1	600
23	23.8124561403509	Friday 28 Apr 2017	Friday 28 Apr 2017	Friday 28 Apr 2017	Friday 28 Apr 2017	1	111
23	22.97	Saturday 29 Apr 2017	Saturday 29 Apr 2017	Saturday 29 Apr 2017	Saturday 29 Apr 2017	1	361
23	23.9070175438597	Sunday 30 Apr 2017	Sunday 30 Apr 2017	Sunday 30 Apr 2017	Sunday 30 Apr 2017	1	488
23	22.0071929824561	Monday 01 May 2017	Monday 01 May 2017	Monday 01 May 2017	Monday 01 May 2017	1	127
23	20.53	Tuesday 02 May 2017	Tuesday 02 May 2017	Tuesday 02 May 2017	Tuesday 02 May 2017	1	624
23	19.55	Wednesday 03 May 2017	Wednesday 03 May 2017	Wednesday 03 May 2017	Wednesday 03 May 2017	1	752
23	19.4984210526316	Thursday 04 May 2017	Thursday 04 May 2017	Thursday 04 May 2017	Thursday 04 May 2017	1	509
23	22.48	Friday 05 May 2017	Friday 05 May 2017	Friday 05 May 2017	Friday 05 May 2017	1	21
23	19.06	Saturday 06 May 2017	Saturday 06 May 2017	Saturday 06 May 2017	Saturday 06 May 2017	1	271
23	21.9057894736842	Sunday 07 May 2017	Sunday 07 May 2017	Sunday 07 May 2017	Sunday 07 May 2017	1	398
23	19.6789473684211	Monday 08 May 2017	Monday 08 May 2017	Monday 08 May 2017	Monday 08 May 2017	1	156
23	19.9970175438597	Tuesday 09 May 2017	Tuesday 09 May 2017	Tuesday 09 May 2017	Tuesday 09 May 2017	1	653
23	20.5210526315789	Wednesday 10 May 2017	Wednesday 10 May 2017	Wednesday 10 May 2017	Wednesday 10 May 2017	1	781
23	20.2635087719298	Thursday 11 May 2017	Thursday 11 May 2017	Thursday 11 May 2017	Thursday 11 May 2017	1	538
23	20.7105263157895	Friday 12 May 2017	Friday 12 May 2017	Friday 12 May 2017	Friday 12 May 2017	1	50
23	22.97	Saturday 13 May 2017	Saturday 13 May 2017	Saturday 13 May 2017	Saturday 13 May 2017	1	300
23	22.48	Sunday 14 May 2017	Sunday 14 May 2017	Sunday 14 May 2017	Sunday 14 May 2017	1	427
23	19.6273684210526	Monday 15 May 2017	Monday 15 May 2017	Monday 15 May 2017	Monday 15 May 2017	1	185
23	20.0485964912281	Tuesday 16 May 2017	Tuesday 16 May 2017	Tuesday 16 May 2017	Tuesday 16 May 2017	1	682
23	20.5385964912281	Wednesday 17 May 2017	Wednesday 17 May 2017	Wednesday 17 May 2017	Wednesday 17 May 2017	1	810
23	20.4612280701754	Thursday 18 May 2017	Thursday 18 May 2017	Thursday 18 May 2017	Thursday 18 May 2017	1	567
23	22.841052631579	Friday 19 May 2017	Friday 19 May 2017	Friday 19 May 2017	Friday 19 May 2017	1	79
23	21.1035087719298	Saturday 20 May 2017	Saturday 20 May 2017	Saturday 20 May 2017	Saturday 20 May 2017	1	329
23	20.2258620689655	Sunday 21 May 2017	Sunday 21 May 2017	Sunday 21 May 2017	Sunday 21 May 2017	1	456
23	22.3768421052632	Monday 22 May 2017	Monday 22 May 2017	Monday 22 May 2017	Monday 22 May 2017	1	214
23	22.5137931034483	Tuesday 23 May 2017	Tuesday 23 May 2017	Tuesday 23 May 2017	Tuesday 23 May 2017	1	711
23	19.9048275862069	Wednesday 24 May 2017	Wednesday 24 May 2017	Wednesday 24 May 2017	Wednesday 24 May 2017	1	839
23	21.143275862069	Thursday 25 May 2017	Thursday 25 May 2017	Thursday 25 May 2017	Thursday 25 May 2017	1	596
23	21.7656896551724	Friday 26 May 2017	Friday 26 May 2017	Friday 26 May 2017	Friday 26 May 2017	1	107
23	22.97	Saturday 27 May 2017	Saturday 27 May 2017	Saturday 27 May 2017	Saturday 27 May 2017	1	357
23	20.411724137931	Sunday 28 May 2017	Sunday 28 May 2017	Sunday 28 May 2017	Sunday 28 May 2017	1	484
23	21.2862068965517	Monday 29 May 2017	Monday 29 May 2017	Monday 29 May 2017	Monday 29 May 2017	1	242
23	22.97	Tuesday 30 May 2017	Tuesday 30 May 2017	Tuesday 30 May 2017	Tuesday 30 May 2017	1	738
23	20.7727586206897	Wednesday 31 May 2017	Wednesday 31 May 2017	Wednesday 31 May 2017	Wednesday 31 May 2017	1	865
23	20.2765517241379	Thursday 01 Jun 2017	Thursday 01 Jun 2017	Thursday 01 Jun 2017	Thursday 01 Jun 2017	1	496
23	22.97	Friday 02 Jun 2017	Friday 02 Jun 2017	Friday 02 Jun 2017	Friday 02 Jun 2017	1	8
23	22.5391379310345	Saturday 03 Jun 2017	Saturday 03 Jun 2017	Saturday 03 Jun 2017	Saturday 03 Jun 2017	1	258
23	21.6318965517241	Sunday 04 Jun 2017	Sunday 04 Jun 2017	Sunday 04 Jun 2017	Sunday 04 Jun 2017	1	385
23	20.6555172413793	Monday 05 Jun 2017	Monday 05 Jun 2017	Monday 05 Jun 2017	Monday 05 Jun 2017	1	142
23	22.9193103448276	Tuesday 06 Jun 2017	Tuesday 06 Jun 2017	Tuesday 06 Jun 2017	Tuesday 06 Jun 2017	1	639
23	22.0491379310345	Wednesday 07 Jun 2017	Wednesday 07 Jun 2017	Wednesday 07 Jun 2017	Wednesday 07 Jun 2017	1	767
23	22.0110344827586	Thursday 08 Jun 2017	Thursday 08 Jun 2017	Thursday 08 Jun 2017	Thursday 08 Jun 2017	1	524
23	21.8260344827586	Friday 09 Jun 2017	Friday 09 Jun 2017	Friday 09 Jun 2017	Friday 09 Jun 2017	1	36
23	20.9608620689655	Saturday 10 Jun 2017	Saturday 10 Jun 2017	Saturday 10 Jun 2017	Saturday 10 Jun 2017	1	286
23	21.9939655172414	Sunday 11 Jun 2017	Sunday 11 Jun 2017	Sunday 11 Jun 2017	Sunday 11 Jun 2017	1	413
23	22.6405172413793	Monday 12 Jun 2017	Monday 12 Jun 2017	Monday 12 Jun 2017	Monday 12 Jun 2017	1	171
23	22.9784482758621	Tuesday 13 Jun 2017	Tuesday 13 Jun 2017	Tuesday 13 Jun 2017	Tuesday 13 Jun 2017	1	668
23	21.701724137931	Wednesday 14 Jun 2017	Wednesday 14 Jun 2017	Wednesday 14 Jun 2017	Wednesday 14 Jun 2017	1	796
23	21.8934482758621	Thursday 15 Jun 2017	Thursday 15 Jun 2017	Thursday 15 Jun 2017	Thursday 15 Jun 2017	1	553
23	22.2106896551724	Friday 16 Jun 2017	Friday 16 Jun 2017	Friday 16 Jun 2017	Friday 16 Jun 2017	1	65
23	22.97	Saturday 17 Jun 2017	Saturday 17 Jun 2017	Saturday 17 Jun 2017	Saturday 17 Jun 2017	1	315
23	22.97	Sunday 18 Jun 2017	Sunday 18 Jun 2017	Sunday 18 Jun 2017	Sunday 18 Jun 2017	1	442
23	23.333275862069	Monday 19 Jun 2017	Monday 19 Jun 2017	Monday 19 Jun 2017	Monday 19 Jun 2017	1	200
23	22.3194827586207	Tuesday 20 Jun 2017	Tuesday 20 Jun 2017	Tuesday 20 Jun 2017	Tuesday 20 Jun 2017	1	697
23	24.3555172413793	Wednesday 21 Jun 2017	Wednesday 21 Jun 2017	Wednesday 21 Jun 2017	Wednesday 21 Jun 2017	1	825
23	22.9868965517241	Thursday 22 Jun 2017	Thursday 22 Jun 2017	Thursday 22 Jun 2017	Thursday 22 Jun 2017	1	582
23	22.97	Friday 23 Jun 2017	Friday 23 Jun 2017	Friday 23 Jun 2017	Friday 23 Jun 2017	1	93
23	21.985	Saturday 24 Jun 2017	Saturday 24 Jun 2017	Saturday 24 Jun 2017	Saturday 24 Jun 2017	1	343
23	22.97	Sunday 25 Jun 2017	Sunday 25 Jun 2017	Sunday 25 Jun 2017	Sunday 25 Jun 2017	1	470
23	22.0596551724138	Monday 26 Jun 2017	Monday 26 Jun 2017	Monday 26 Jun 2017	Monday 26 Jun 2017	1	228
23	21.5679310344828	Tuesday 27 Jun 2017	Tuesday 27 Jun 2017	Tuesday 27 Jun 2017	Tuesday 27 Jun 2017	1	725
23	21.5844827586207	Wednesday 28 Jun 2017	Wednesday 28 Jun 2017	Wednesday 28 Jun 2017	Wednesday 28 Jun 2017	1	853
23	22.196724137931	Thursday 29 Jun 2017	Thursday 29 Jun 2017	Thursday 29 Jun 2017	Thursday 29 Jun 2017	1	609
23	21.0453448275862	Friday 30 Jun 2017	Friday 30 Jun 2017	Friday 30 Jun 2017	Friday 30 Jun 2017	1	120
23	22.97	Saturday 01 Jul 2017	Saturday 01 Jul 2017	Saturday 01 Jul 2017	Saturday 01 Jul 2017	1	249
23	22.97	Sunday 02 Jul 2017	Sunday 02 Jul 2017	Sunday 02 Jul 2017	Sunday 02 Jul 2017	1	376
23	21.7513793103448	Monday 03 Jul 2017	Monday 03 Jul 2017	Monday 03 Jul 2017	Monday 03 Jul 2017	1	133
23	21.9170689655172	Tuesday 04 Jul 2017	Tuesday 04 Jul 2017	Tuesday 04 Jul 2017	Tuesday 04 Jul 2017	1	630
23	22.075	Wednesday 05 Jul 2017	Wednesday 05 Jul 2017	Wednesday 05 Jul 2017	Wednesday 05 Jul 2017	1	758
23	23.0559649122807	Thursday 06 Jul 2017	Thursday 06 Jul 2017	Thursday 06 Jul 2017	Thursday 06 Jul 2017	1	515
23	22.3682456140351	Friday 07 Jul 2017	Friday 07 Jul 2017	Friday 07 Jul 2017	Friday 07 Jul 2017	1	27
23	22.97	Saturday 08 Jul 2017	Saturday 08 Jul 2017	Saturday 08 Jul 2017	Saturday 08 Jul 2017	1	277
23	21.7212280701754	Sunday 09 Jul 2017	Sunday 09 Jul 2017	Sunday 09 Jul 2017	Sunday 09 Jul 2017	1	404
23	23.2536842105263	Monday 10 Jul 2017	Monday 10 Jul 2017	Monday 10 Jul 2017	Monday 10 Jul 2017	1	162
23	24.44	Tuesday 11 Jul 2017	Tuesday 11 Jul 2017	Tuesday 11 Jul 2017	Tuesday 11 Jul 2017	1	659
23	24.560350877193	Wednesday 12 Jul 2017	Wednesday 12 Jul 2017	Wednesday 12 Jul 2017	Wednesday 12 Jul 2017	1	787
23	25.0073684210526	Thursday 13 Jul 2017	Thursday 13 Jul 2017	Thursday 13 Jul 2017	Thursday 13 Jul 2017	1	544
23	23.2450877192982	Friday 14 Jul 2017	Friday 14 Jul 2017	Friday 14 Jul 2017	Friday 14 Jul 2017	1	56
23	24.9042105263158	Saturday 15 Jul 2017	Saturday 15 Jul 2017	Saturday 15 Jul 2017	Saturday 15 Jul 2017	1	306
23	23.9328070175439	Sunday 16 Jul 2017	Sunday 16 Jul 2017	Sunday 16 Jul 2017	Sunday 16 Jul 2017	1	433
23	23.1247368421053	Monday 17 Jul 2017	Monday 17 Jul 2017	Monday 17 Jul 2017	Monday 17 Jul 2017	1	191
23	22.598275862069	Tuesday 18 Jul 2017	Tuesday 18 Jul 2017	Tuesday 18 Jul 2017	Tuesday 18 Jul 2017	1	688
23	21.8415517241379	Wednesday 19 Jul 2017	Wednesday 19 Jul 2017	Wednesday 19 Jul 2017	Wednesday 19 Jul 2017	1	816
23	21.9653448275862	Thursday 20 Jul 2017	Thursday 20 Jul 2017	Thursday 20 Jul 2017	Thursday 20 Jul 2017	1	573
23	21.953275862069	Friday 21 Jul 2017	Friday 21 Jul 2017	Friday 21 Jul 2017	Friday 21 Jul 2017	1	84
23	22.9784482758621	Saturday 22 Jul 2017	Saturday 22 Jul 2017	Saturday 22 Jul 2017	Saturday 22 Jul 2017	1	334
23	21.9013793103448	Sunday 23 Jul 2017	Sunday 23 Jul 2017	Sunday 23 Jul 2017	Sunday 23 Jul 2017	1	461
23	21.8520689655172	Monday 24 Jul 2017	Monday 24 Jul 2017	Monday 24 Jul 2017	Monday 24 Jul 2017	1	219
23	22.3813793103448	Tuesday 25 Jul 2017	Tuesday 25 Jul 2017	Tuesday 25 Jul 2017	Tuesday 25 Jul 2017	1	716
23	21.5927586206897	Wednesday 26 Jul 2017	Wednesday 26 Jul 2017	Wednesday 26 Jul 2017	Wednesday 26 Jul 2017	1	844
23	23.3755172413793	Thursday 27 Jul 2017	Thursday 27 Jul 2017	Thursday 27 Jul 2017	Thursday 27 Jul 2017	1	601
23	22.4631034482759	Friday 28 Jul 2017	Friday 28 Jul 2017	Friday 28 Jul 2017	Friday 28 Jul 2017	1	112
23	22.97	Saturday 29 Jul 2017	Saturday 29 Jul 2017	Saturday 29 Jul 2017	Saturday 29 Jul 2017	1	362
23	21.51	Sunday 30 Jul 2017	Sunday 30 Jul 2017	Sunday 30 Jul 2017	Sunday 30 Jul 2017	1	489
23	23.4431034482759	Monday 31 Jul 2017	Monday 31 Jul 2017	Monday 31 Jul 2017	Monday 31 Jul 2017	1	246
23	22.113275862069	Tuesday 01 Aug 2017	Tuesday 01 Aug 2017	Tuesday 01 Aug 2017	Tuesday 01 Aug 2017	1	618
23	22.5475862068966	Wednesday 02 Aug 2017	Wednesday 02 Aug 2017	Wednesday 02 Aug 2017	Wednesday 02 Aug 2017	1	746
23	23.6061403508772	Thursday 03 Aug 2017	Thursday 03 Aug 2017	Thursday 03 Aug 2017	Thursday 03 Aug 2017	1	503
23	23.46	Friday 04 Aug 2017	Friday 04 Aug 2017	Friday 04 Aug 2017	Friday 04 Aug 2017	1	15
23	23.4428070175439	Saturday 05 Aug 2017	Saturday 05 Aug 2017	Saturday 05 Aug 2017	Saturday 05 Aug 2017	1	265
23	23.46	Sunday 06 Aug 2017	Sunday 06 Aug 2017	Sunday 06 Aug 2017	Sunday 06 Aug 2017	1	392
23	22.9614035087719	Monday 07 Aug 2017	Monday 07 Aug 2017	Monday 07 Aug 2017	Monday 07 Aug 2017	1	149
23	22.97	Tuesday 08 Aug 2017	Tuesday 08 Aug 2017	Tuesday 08 Aug 2017	Tuesday 08 Aug 2017	1	646
23	22.97	Wednesday 09 Aug 2017	Wednesday 09 Aug 2017	Wednesday 09 Aug 2017	Wednesday 09 Aug 2017	1	774
23	22.729298245614	Thursday 10 Aug 2017	Thursday 10 Aug 2017	Thursday 10 Aug 2017	Thursday 10 Aug 2017	1	531
23	23.46	Friday 11 Aug 2017	Friday 11 Aug 2017	Friday 11 Aug 2017	Friday 11 Aug 2017	1	43
23	22.2482456140351	Saturday 12 Aug 2017	Saturday 12 Aug 2017	Saturday 12 Aug 2017	Saturday 12 Aug 2017	1	293
23	22.6777192982456	Sunday 13 Aug 2017	Sunday 13 Aug 2017	Sunday 13 Aug 2017	Sunday 13 Aug 2017	1	420
23	21.9685964912281	Monday 14 Aug 2017	Monday 14 Aug 2017	Monday 14 Aug 2017	Monday 14 Aug 2017	1	178
23	22.7643859649123	Tuesday 15 Aug 2017	Tuesday 15 Aug 2017	Tuesday 15 Aug 2017	Tuesday 15 Aug 2017	1	675
23	21.51	Wednesday 16 Aug 2017	Wednesday 16 Aug 2017	Wednesday 16 Aug 2017	Wednesday 16 Aug 2017	1	803
23	22.0406896551724	Thursday 17 Aug 2017	Thursday 17 Aug 2017	Thursday 17 Aug 2017	Thursday 17 Aug 2017	1	560
23	21.0453448275862	Friday 18 Aug 2017	Friday 18 Aug 2017	Friday 18 Aug 2017	Friday 18 Aug 2017	1	72
23	22.7925862068966	Saturday 19 Aug 2017	Saturday 19 Aug 2017	Saturday 19 Aug 2017	Saturday 19 Aug 2017	1	322
23	23.4177586206897	Sunday 20 Aug 2017	Sunday 20 Aug 2017	Sunday 20 Aug 2017	Sunday 20 Aug 2017	1	449
23	21.5743103448276	Monday 21 Aug 2017	Monday 21 Aug 2017	Monday 21 Aug 2017	Monday 21 Aug 2017	1	207
23	22.3958620689655	Tuesday 22 Aug 2017	Tuesday 22 Aug 2017	Tuesday 22 Aug 2017	Tuesday 22 Aug 2017	1	704
23	21.6341379310345	Wednesday 23 Aug 2017	Wednesday 23 Aug 2017	Wednesday 23 Aug 2017	Wednesday 23 Aug 2017	1	832
23	22.3279310344828	Thursday 24 Aug 2017	Thursday 24 Aug 2017	Thursday 24 Aug 2017	Thursday 24 Aug 2017	1	589
23	22.6996551724138	Friday 25 Aug 2017	Friday 25 Aug 2017	Friday 25 Aug 2017	Friday 25 Aug 2017	1	100
23	22.5391379310345	Saturday 26 Aug 2017	Saturday 26 Aug 2017	Saturday 26 Aug 2017	Saturday 26 Aug 2017	1	350
23	21.02	Sunday 27 Aug 2017	Sunday 27 Aug 2017	Sunday 27 Aug 2017	Sunday 27 Aug 2017	1	477
23	22.1436206896552	Monday 28 Aug 2017	Monday 28 Aug 2017	Monday 28 Aug 2017	Monday 28 Aug 2017	1	235
23	22.6489655172414	Tuesday 29 Aug 2017	Tuesday 29 Aug 2017	Tuesday 29 Aug 2017	Tuesday 29 Aug 2017	1	732
23	22.97	Wednesday 30 Aug 2017	Wednesday 30 Aug 2017	Wednesday 30 Aug 2017	Wednesday 30 Aug 2017	1	859
23	21.3156896551724	Thursday 31 Aug 2017	Thursday 31 Aug 2017	Thursday 31 Aug 2017	Thursday 31 Aug 2017	1	615
23	22.97	Friday 01 Sep 2017	Friday 01 Sep 2017	Friday 01 Sep 2017	Friday 01 Sep 2017	1	5
23	21.138275862069	Saturday 02 Sep 2017	Saturday 02 Sep 2017	Saturday 02 Sep 2017	Saturday 02 Sep 2017	1	255
23	21.4424137931035	Sunday 03 Sep 2017	Sunday 03 Sep 2017	Sunday 03 Sep 2017	Sunday 03 Sep 2017	1	382
23	21.9341379310345	Monday 04 Sep 2017	Monday 04 Sep 2017	Monday 04 Sep 2017	Monday 04 Sep 2017	1	139
23	22.97	Tuesday 05 Sep 2017	Tuesday 05 Sep 2017	Tuesday 05 Sep 2017	Tuesday 05 Sep 2017	1	636
23	21.4846551724138	Wednesday 06 Sep 2017	Wednesday 06 Sep 2017	Wednesday 06 Sep 2017	Wednesday 06 Sep 2017	1	764
23	22.5644827586207	Thursday 07 Sep 2017	Thursday 07 Sep 2017	Thursday 07 Sep 2017	Thursday 07 Sep 2017	1	521
23	22.1758620689655	Friday 08 Sep 2017	Friday 08 Sep 2017	Friday 08 Sep 2017	Friday 08 Sep 2017	1	33
23	21.3806896551724	Saturday 09 Sep 2017	Saturday 09 Sep 2017	Saturday 09 Sep 2017	Saturday 09 Sep 2017	1	283
23	22.4208620689655	Sunday 10 Sep 2017	Sunday 10 Sep 2017	Sunday 10 Sep 2017	Sunday 10 Sep 2017	1	410
23	22.48	Monday 11 Sep 2017	Monday 11 Sep 2017	Monday 11 Sep 2017	Monday 11 Sep 2017	1	168
23	21.9984482758621	Tuesday 12 Sep 2017	Tuesday 12 Sep 2017	Tuesday 12 Sep 2017	Tuesday 12 Sep 2017	1	665
23	21.8151724137931	Wednesday 13 Sep 2017	Wednesday 13 Sep 2017	Wednesday 13 Sep 2017	Wednesday 13 Sep 2017	1	793
23	20.8679310344828	Thursday 14 Sep 2017	Thursday 14 Sep 2017	Thursday 14 Sep 2017	Thursday 14 Sep 2017	1	550
23	20.6820689655172	Friday 15 Sep 2017	Friday 15 Sep 2017	Friday 15 Sep 2017	Friday 15 Sep 2017	1	62
23	21.99	Saturday 16 Sep 2017	Saturday 16 Sep 2017	Saturday 16 Sep 2017	Saturday 16 Sep 2017	1	312
23	21.99	Sunday 17 Sep 2017	Sunday 17 Sep 2017	Sunday 17 Sep 2017	Sunday 17 Sep 2017	1	439
23	21.533275862069	Monday 18 Sep 2017	Monday 18 Sep 2017	Monday 18 Sep 2017	Monday 18 Sep 2017	1	197
23	20.6905172413793	Tuesday 19 Sep 2017	Tuesday 19 Sep 2017	Tuesday 19 Sep 2017	Tuesday 19 Sep 2017	1	694
23	20.166724137931	Wednesday 20 Sep 2017	Wednesday 20 Sep 2017	Wednesday 20 Sep 2017	Wednesday 20 Sep 2017	1	822
23	21.6312068965517	Thursday 21 Sep 2017	Thursday 21 Sep 2017	Thursday 21 Sep 2017	Thursday 21 Sep 2017	1	579
23	20.7496551724138	Friday 22 Sep 2017	Friday 22 Sep 2017	Friday 22 Sep 2017	Friday 22 Sep 2017	1	90
23	20.5637931034483	Saturday 23 Sep 2017	Saturday 23 Sep 2017	Saturday 23 Sep 2017	Saturday 23 Sep 2017	1	340
23	21.51	Sunday 24 Sep 2017	Sunday 24 Sep 2017	Sunday 24 Sep 2017	Sunday 24 Sep 2017	1	467
23	21.5762068965517	Monday 25 Sep 2017	Monday 25 Sep 2017	Monday 25 Sep 2017	Monday 25 Sep 2017	1	225
23	21.9651724137931	Tuesday 26 Sep 2017	Tuesday 26 Sep 2017	Tuesday 26 Sep 2017	Tuesday 26 Sep 2017	1	722
23	20.6313793103448	Wednesday 27 Sep 2017	Wednesday 27 Sep 2017	Wednesday 27 Sep 2017	Wednesday 27 Sep 2017	1	850
23	20.6905172413793	Thursday 28 Sep 2017	Thursday 28 Sep 2017	Thursday 28 Sep 2017	Thursday 28 Sep 2017	1	607
23	22.4462068965517	Friday 29 Sep 2017	Friday 29 Sep 2017	Friday 29 Sep 2017	Friday 29 Sep 2017	1	118
23	21.99	Saturday 30 Sep 2017	Saturday 30 Sep 2017	Saturday 30 Sep 2017	Saturday 30 Sep 2017	1	368
23	21.99	Sunday 01 Oct 2017	Sunday 01 Oct 2017	Sunday 01 Oct 2017	Sunday 01 Oct 2017	1	374
23	22.48	Monday 02 Oct 2017	Monday 02 Oct 2017	Monday 02 Oct 2017	Monday 02 Oct 2017	1	131
23	21.0537931034483	Tuesday 03 Oct 2017	Tuesday 03 Oct 2017	Tuesday 03 Oct 2017	Tuesday 03 Oct 2017	1	628
23	22.6996551724138	Wednesday 04 Oct 2017	Wednesday 04 Oct 2017	Wednesday 04 Oct 2017	Wednesday 04 Oct 2017	1	756
14	22.7105882352941	Thursday 05 Oct 2017	Thursday 05 Oct 2017	Thursday 05 Oct 2017	Thursday 05 Oct 2017	1	513
23	21.145	Friday 06 Oct 2017	Friday 06 Oct 2017	Friday 06 Oct 2017	Friday 06 Oct 2017	1	25
23	21.0622413793103	Saturday 07 Oct 2017	Saturday 07 Oct 2017	Saturday 07 Oct 2017	Saturday 07 Oct 2017	1	275
23	21.99	Sunday 08 Oct 2017	Sunday 08 Oct 2017	Sunday 08 Oct 2017	Sunday 08 Oct 2017	1	402
23	21.51	Monday 09 Oct 2017	Monday 09 Oct 2017	Monday 09 Oct 2017	Monday 09 Oct 2017	1	160
23	21.99	Tuesday 10 Oct 2017	Tuesday 10 Oct 2017	Tuesday 10 Oct 2017	Tuesday 10 Oct 2017	1	657
23	22.7756896551724	Wednesday 11 Oct 2017	Wednesday 11 Oct 2017	Wednesday 11 Oct 2017	Wednesday 11 Oct 2017	1	785
23	20.53	Thursday 12 Oct 2017	Thursday 12 Oct 2017	Thursday 12 Oct 2017	Thursday 12 Oct 2017	1	542
23	21.741724137931	Friday 13 Oct 2017	Friday 13 Oct 2017	Friday 13 Oct 2017	Friday 13 Oct 2017	1	54
23	20.2427586206897	Saturday 14 Oct 2017	Saturday 14 Oct 2017	Saturday 14 Oct 2017	Saturday 14 Oct 2017	1	304
23	20.3441379310345	Sunday 15 Oct 2017	Sunday 15 Oct 2017	Sunday 15 Oct 2017	Sunday 15 Oct 2017	1	431
23	21.4339655172414	Monday 16 Oct 2017	Monday 16 Oct 2017	Monday 16 Oct 2017	Monday 16 Oct 2017	1	189
23	21.7748275862069	Tuesday 17 Oct 2017	Tuesday 17 Oct 2017	Tuesday 17 Oct 2017	Tuesday 17 Oct 2017	1	686
23	21.3325862068966	Wednesday 18 Oct 2017	Wednesday 18 Oct 2017	Wednesday 18 Oct 2017	Wednesday 18 Oct 2017	1	814
23	21.7922413793103	Thursday 19 Oct 2017	Thursday 19 Oct 2017	Thursday 19 Oct 2017	Thursday 19 Oct 2017	1	571
23	21.1889655172414	Friday 20 Oct 2017	Friday 20 Oct 2017	Friday 20 Oct 2017	Friday 20 Oct 2017	1	82
23	22.5222413793103	Saturday 21 Oct 2017	Saturday 21 Oct 2017	Saturday 21 Oct 2017	Saturday 21 Oct 2017	1	332
23	21.1634482758621	Sunday 22 Oct 2017	Sunday 22 Oct 2017	Sunday 22 Oct 2017	Sunday 22 Oct 2017	1	459
23	21.1213793103448	Monday 23 Oct 2017	Monday 23 Oct 2017	Monday 23 Oct 2017	Monday 23 Oct 2017	1	217
23	22.6827586206897	Tuesday 24 Oct 2017	Tuesday 24 Oct 2017	Tuesday 24 Oct 2017	Tuesday 24 Oct 2017	1	714
23	22.97	Wednesday 25 Oct 2017	Wednesday 25 Oct 2017	Wednesday 25 Oct 2017	Wednesday 25 Oct 2017	1	842
13	21.99	Thursday 26 Oct 2017	Thursday 26 Oct 2017	Thursday 26 Oct 2017	Thursday 26 Oct 2017	1	599
23	23.8063793103448	Friday 27 Oct 2017	Friday 27 Oct 2017	Friday 27 Oct 2017	Friday 27 Oct 2017	1	110
23	22.48	Saturday 28 Oct 2017	Saturday 28 Oct 2017	Saturday 28 Oct 2017	Saturday 28 Oct 2017	1	360
23	22.1420689655172	Sunday 29 Oct 2017	Sunday 29 Oct 2017	Sunday 29 Oct 2017	Sunday 29 Oct 2017	1	487
23	22.3068103448276	Monday 30 Oct 2017	Monday 30 Oct 2017	Monday 30 Oct 2017	Monday 30 Oct 2017	1	245
23	21.505775862069	Tuesday 31 Oct 2017	Tuesday 31 Oct 2017	Tuesday 31 Oct 2017	Tuesday 31 Oct 2017	1	741
23	22.48	Wednesday 01 Nov 2017	Wednesday 01 Nov 2017	Wednesday 01 Nov 2017	Wednesday 01 Nov 2017	1	745
23	22.974298245614	Thursday 02 Nov 2017	Thursday 02 Nov 2017	Thursday 02 Nov 2017	Thursday 02 Nov 2017	1	502
23	21.4799122807018	Friday 03 Nov 2017	Friday 03 Nov 2017	Friday 03 Nov 2017	Friday 03 Nov 2017	1	14
23	21.7706034482759	Saturday 04 Nov 2017	Saturday 04 Nov 2017	Saturday 04 Nov 2017	Saturday 04 Nov 2017	1	264
23	22.6087288135593	Sunday 05 Nov 2017	Sunday 05 Nov 2017	Sunday 05 Nov 2017	Sunday 05 Nov 2017	1	391
23	21.5595689655172	Monday 06 Nov 2017	Monday 06 Nov 2017	Monday 06 Nov 2017	Monday 06 Nov 2017	1	148
23	21.2776724137931	Tuesday 07 Nov 2017	Tuesday 07 Nov 2017	Tuesday 07 Nov 2017	Tuesday 07 Nov 2017	1	645
23	22.48	Wednesday 08 Nov 2017	Wednesday 08 Nov 2017	Wednesday 08 Nov 2017	Wednesday 08 Nov 2017	1	773
23	21.51	Thursday 09 Nov 2017	Thursday 09 Nov 2017	Thursday 09 Nov 2017	Thursday 09 Nov 2017	1	530
23	21.1213793103448	Friday 10 Nov 2017	Friday 10 Nov 2017	Friday 10 Nov 2017	Friday 10 Nov 2017	1	42
23	21.280593220339	Saturday 11 Nov 2017	Saturday 11 Nov 2017	Saturday 11 Nov 2017	Saturday 11 Nov 2017	1	292
23	21.5576724137931	Sunday 12 Nov 2017	Sunday 12 Nov 2017	Sunday 12 Nov 2017	Sunday 12 Nov 2017	1	419
23	21.6447368421053	Monday 13 Nov 2017	Monday 13 Nov 2017	Monday 13 Nov 2017	Monday 13 Nov 2017	1	177
23	21.7752631578947	Tuesday 14 Nov 2017	Tuesday 14 Nov 2017	Tuesday 14 Nov 2017	Tuesday 14 Nov 2017	1	674
23	21.99	Wednesday 15 Nov 2017	Wednesday 15 Nov 2017	Wednesday 15 Nov 2017	Wednesday 15 Nov 2017	1	802
23	22.475701754386	Thursday 16 Nov 2017	Thursday 16 Nov 2017	Thursday 16 Nov 2017	Thursday 16 Nov 2017	1	559
23	22.114649122807	Friday 17 Nov 2017	Friday 17 Nov 2017	Friday 17 Nov 2017	Friday 17 Nov 2017	1	71
23	22.5960526315789	Saturday 18 Nov 2017	Saturday 18 Nov 2017	Saturday 18 Nov 2017	Saturday 18 Nov 2017	1	321
23	22.4971929824561	Sunday 19 Nov 2017	Sunday 19 Nov 2017	Sunday 19 Nov 2017	Sunday 19 Nov 2017	1	448
23	21.2903448275862	Monday 20 Nov 2017	Monday 20 Nov 2017	Monday 20 Nov 2017	Monday 20 Nov 2017	1	206
23	22.1705263157895	Tuesday 21 Nov 2017	Tuesday 21 Nov 2017	Tuesday 21 Nov 2017	Tuesday 21 Nov 2017	1	703
23	21.5968965517241	Wednesday 22 Nov 2017	Wednesday 22 Nov 2017	Wednesday 22 Nov 2017	Wednesday 22 Nov 2017	1	831
23	21.9196551724138	Thursday 23 Nov 2017	Thursday 23 Nov 2017	Thursday 23 Nov 2017	Thursday 23 Nov 2017	1	588
23	22.5874561403509	Friday 24 Nov 2017	Friday 24 Nov 2017	Friday 24 Nov 2017	Friday 24 Nov 2017	1	99
23	22.0458771929825	Saturday 25 Nov 2017	Saturday 25 Nov 2017	Saturday 25 Nov 2017	Saturday 25 Nov 2017	1	349
23	22.48	Sunday 26 Nov 2017	Sunday 26 Nov 2017	Sunday 26 Nov 2017	Sunday 26 Nov 2017	1	476
23	21.83	Monday 27 Nov 2017	Monday 27 Nov 2017	Monday 27 Nov 2017	Monday 27 Nov 2017	1	234
23	22.0631578947368	Tuesday 28 Nov 2017	Tuesday 28 Nov 2017	Tuesday 28 Nov 2017	Tuesday 28 Nov 2017	1	731
23	21.99	Wednesday 29 Nov 2017	Wednesday 29 Nov 2017	Wednesday 29 Nov 2017	Wednesday 29 Nov 2017	1	858
23	22.1868376068376	Thursday 30 Nov 2017	Thursday 30 Nov 2017	Thursday 30 Nov 2017	Thursday 30 Nov 2017	1	614
23	22.48	Friday 01 Dec 2017	Friday 01 Dec 2017	Friday 01 Dec 2017	Friday 01 Dec 2017	1	2
23	22.48	Saturday 02 Dec 2017	Saturday 02 Dec 2017	Saturday 02 Dec 2017	Saturday 02 Dec 2017	1	252
23	21.6742105263158	Sunday 03 Dec 2017	Sunday 03 Dec 2017	Sunday 03 Dec 2017	Sunday 03 Dec 2017	1	379
23	21.9371186440678	Monday 04 Dec 2017	Monday 04 Dec 2017	Monday 04 Dec 2017	Monday 04 Dec 2017	1	136
23	23.9968695652174	Tuesday 05 Dec 2017	Tuesday 05 Dec 2017	Tuesday 05 Dec 2017	Tuesday 05 Dec 2017	1	633
23	23.0037931034483	Wednesday 06 Dec 2017	Wednesday 06 Dec 2017	Wednesday 06 Dec 2017	Wednesday 06 Dec 2017	1	761
23	22.48	Thursday 07 Dec 2017	Thursday 07 Dec 2017	Thursday 07 Dec 2017	Thursday 07 Dec 2017	1	518
23	22.0759649122807	Friday 08 Dec 2017	Friday 08 Dec 2017	Friday 08 Dec 2017	Friday 08 Dec 2017	1	30
23	21.8889473684211	Saturday 09 Dec 2017	Saturday 09 Dec 2017	Saturday 09 Dec 2017	Saturday 09 Dec 2017	1	280
23	22.1447368421053	Sunday 10 Dec 2017	Sunday 10 Dec 2017	Sunday 10 Dec 2017	Sunday 10 Dec 2017	1	407
23	22.0157894736842	Monday 11 Dec 2017	Monday 11 Dec 2017	Monday 11 Dec 2017	Monday 11 Dec 2017	1	165
23	22.4284210526316	Tuesday 12 Dec 2017	Tuesday 12 Dec 2017	Tuesday 12 Dec 2017	Tuesday 12 Dec 2017	1	662
23	23.1677192982456	Wednesday 13 Dec 2017	Wednesday 13 Dec 2017	Wednesday 13 Dec 2017	Wednesday 13 Dec 2017	1	790
23	23.1677192982456	Thursday 14 Dec 2017	Thursday 14 Dec 2017	Thursday 14 Dec 2017	Thursday 14 Dec 2017	1	547
23	22.0508771929825	Friday 15 Dec 2017	Friday 15 Dec 2017	Friday 15 Dec 2017	Friday 15 Dec 2017	1	59
23	23.709298245614	Saturday 16 Dec 2017	Saturday 16 Dec 2017	Saturday 16 Dec 2017	Saturday 16 Dec 2017	1	309
23	23.5975438596491	Sunday 17 Dec 2017	Sunday 17 Dec 2017	Sunday 17 Dec 2017	Sunday 17 Dec 2017	1	436
23	22.6777192982456	Monday 18 Dec 2017	Monday 18 Dec 2017	Monday 18 Dec 2017	Monday 18 Dec 2017	1	194
23	22.4971929824561	Tuesday 19 Dec 2017	Tuesday 19 Dec 2017	Tuesday 19 Dec 2017	Tuesday 19 Dec 2017	1	691
23	22.6405172413793	Wednesday 20 Dec 2017	Wednesday 20 Dec 2017	Wednesday 20 Dec 2017	Wednesday 20 Dec 2017	1	819
23	22.4124137931035	Thursday 21 Dec 2017	Thursday 21 Dec 2017	Thursday 21 Dec 2017	Thursday 21 Dec 2017	1	576
23	21.99	Friday 22 Dec 2017	Friday 22 Dec 2017	Friday 22 Dec 2017	Friday 22 Dec 2017	1	87
23	21.51	Saturday 23 Dec 2017	Saturday 23 Dec 2017	Saturday 23 Dec 2017	Saturday 23 Dec 2017	1	337
23	21.2987931034483	Sunday 24 Dec 2017	Sunday 24 Dec 2017	Sunday 24 Dec 2017	Sunday 24 Dec 2017	1	464
23	21.4086206896552	Monday 25 Dec 2017	Monday 25 Dec 2017	Monday 25 Dec 2017	Monday 25 Dec 2017	1	222
23	21.8989655172414	Tuesday 26 Dec 2017	Tuesday 26 Dec 2017	Tuesday 26 Dec 2017	Tuesday 26 Dec 2017	1	719
23	21.51	Wednesday 27 Dec 2017	Wednesday 27 Dec 2017	Wednesday 27 Dec 2017	Wednesday 27 Dec 2017	1	847
23	21.51	Thursday 28 Dec 2017	Thursday 28 Dec 2017	Thursday 28 Dec 2017	Thursday 28 Dec 2017	1	604
23	21.02	Friday 29 Dec 2017	Friday 29 Dec 2017	Friday 29 Dec 2017	Friday 29 Dec 2017	1	115
23	21.2818965517241	Saturday 30 Dec 2017	Saturday 30 Dec 2017	Saturday 30 Dec 2017	Saturday 30 Dec 2017	1	365
23	21.3579310344828	Sunday 31 Dec 2017	Sunday 31 Dec 2017	Sunday 31 Dec 2017	Sunday 31 Dec 2017	1	491
23	21.1551724137931	Monday 01 Jan 2018	Monday 01 Jan 2018	Monday 01 Jan 2018	Monday 01 Jan 2018	1	126
23	21.51	Tuesday 02 Jan 2018	Tuesday 02 Jan 2018	Tuesday 02 Jan 2018	Tuesday 02 Jan 2018	1	623
23	23.096724137931	Wednesday 03 Jan 2018	Wednesday 03 Jan 2018	Wednesday 03 Jan 2018	Wednesday 03 Jan 2018	1	751
23	22.5391379310345	Thursday 04 Jan 2018	Thursday 04 Jan 2018	Thursday 04 Jan 2018	Thursday 04 Jan 2018	1	508
23	22.4631034482759	Friday 05 Jan 2018	Friday 05 Jan 2018	Friday 05 Jan 2018	Friday 05 Jan 2018	1	20
23	22.48	Saturday 06 Jan 2018	Saturday 06 Jan 2018	Saturday 06 Jan 2018	Saturday 06 Jan 2018	1	270
23	22.6320689655172	Sunday 07 Jan 2018	Sunday 07 Jan 2018	Sunday 07 Jan 2018	Sunday 07 Jan 2018	1	397
23	23.2622807017544	Monday 08 Jan 2018	Monday 08 Jan 2018	Monday 08 Jan 2018	Monday 08 Jan 2018	1	155
23	23.3052631578947	Tuesday 09 Jan 2018	Tuesday 09 Jan 2018	Tuesday 09 Jan 2018	Tuesday 09 Jan 2018	1	652
23	23.2794736842105	Wednesday 10 Jan 2018	Wednesday 10 Jan 2018	Wednesday 10 Jan 2018	Wednesday 10 Jan 2018	1	780
23	23.5717543859649	Thursday 11 Jan 2018	Thursday 11 Jan 2018	Thursday 11 Jan 2018	Thursday 11 Jan 2018	1	537
23	23.6663157894737	Friday 12 Jan 2018	Friday 12 Jan 2018	Friday 12 Jan 2018	Friday 12 Jan 2018	1	49
23	22.97	Saturday 13 Jan 2018	Saturday 13 Jan 2018	Saturday 13 Jan 2018	Saturday 13 Jan 2018	1	299
23	22.9446551724138	Sunday 14 Jan 2018	Sunday 14 Jan 2018	Sunday 14 Jan 2018	Sunday 14 Jan 2018	1	426
23	24.3555172413793	Monday 15 Jan 2018	Monday 15 Jan 2018	Monday 15 Jan 2018	Monday 15 Jan 2018	1	184
23	23.096724137931	Tuesday 16 Jan 2018	Tuesday 16 Jan 2018	Tuesday 16 Jan 2018	Tuesday 16 Jan 2018	1	681
23	23.6458620689655	Wednesday 17 Jan 2018	Wednesday 17 Jan 2018	Wednesday 17 Jan 2018	Wednesday 17 Jan 2018	1	809
23	23.2403448275862	Thursday 18 Jan 2018	Thursday 18 Jan 2018	Thursday 18 Jan 2018	Thursday 18 Jan 2018	1	566
23	23.46	Friday 19 Jan 2018	Friday 19 Jan 2018	Friday 19 Jan 2018	Friday 19 Jan 2018	1	78
23	23.2910344827586	Saturday 20 Jan 2018	Saturday 20 Jan 2018	Saturday 20 Jan 2018	Saturday 20 Jan 2018	1	328
23	23.46	Sunday 21 Jan 2018	Sunday 21 Jan 2018	Sunday 21 Jan 2018	Sunday 21 Jan 2018	1	455
23	22.606724137931	Monday 22 Jan 2018	Monday 22 Jan 2018	Monday 22 Jan 2018	Monday 22 Jan 2018	1	213
23	22.5306896551724	Tuesday 23 Jan 2018	Tuesday 23 Jan 2018	Tuesday 23 Jan 2018	Tuesday 23 Jan 2018	1	710
23	23.3079310344828	Wednesday 24 Jan 2018	Wednesday 24 Jan 2018	Wednesday 24 Jan 2018	Wednesday 24 Jan 2018	1	838
23	23.4515517241379	Thursday 25 Jan 2018	Thursday 25 Jan 2018	Thursday 25 Jan 2018	Thursday 25 Jan 2018	1	595
23	23.1727586206897	Friday 26 Jan 2018	Friday 26 Jan 2018	Friday 26 Jan 2018	Friday 26 Jan 2018	1	106
23	23.4684482758621	Saturday 27 Jan 2018	Saturday 27 Jan 2018	Saturday 27 Jan 2018	Saturday 27 Jan 2018	1	356
23	23.46	Sunday 28 Jan 2018	Sunday 28 Jan 2018	Sunday 28 Jan 2018	Sunday 28 Jan 2018	1	483
23	23.4515517241379	Monday 29 Jan 2018	Monday 29 Jan 2018	Monday 29 Jan 2018	Monday 29 Jan 2018	1	241
23	23.46	Tuesday 30 Jan 2018	Tuesday 30 Jan 2018	Tuesday 30 Jan 2018	Tuesday 30 Jan 2018	1	737
23	23.95	Wednesday 31 Jan 2018	Wednesday 31 Jan 2018	Wednesday 31 Jan 2018	Wednesday 31 Jan 2018	1	864
23	24.2287931034483	Thursday 01 Feb 2018	Thursday 01 Feb 2018	Thursday 01 Feb 2018	Thursday 01 Feb 2018	1	495
23	23.831724137931	Friday 02 Feb 2018	Friday 02 Feb 2018	Friday 02 Feb 2018	Friday 02 Feb 2018	1	7
23	23.95	Saturday 03 Feb 2018	Saturday 03 Feb 2018	Saturday 03 Feb 2018	Saturday 03 Feb 2018	1	257
23	24.2118965517241	Sunday 04 Feb 2018	Sunday 04 Feb 2018	Sunday 04 Feb 2018	Sunday 04 Feb 2018	1	384
23	24.321724137931	Monday 05 Feb 2018	Monday 05 Feb 2018	Monday 05 Feb 2018	Monday 05 Feb 2018	1	141
23	23.8570689655172	Tuesday 06 Feb 2018	Tuesday 06 Feb 2018	Tuesday 06 Feb 2018	Tuesday 06 Feb 2018	1	638
23	23.9415517241379	Wednesday 07 Feb 2018	Wednesday 07 Feb 2018	Wednesday 07 Feb 2018	Wednesday 07 Feb 2018	1	766
23	23.8570689655172	Thursday 08 Feb 2018	Thursday 08 Feb 2018	Thursday 08 Feb 2018	Thursday 08 Feb 2018	1	523
23	23.9584482758621	Friday 09 Feb 2018	Friday 09 Feb 2018	Friday 09 Feb 2018	Friday 09 Feb 2018	1	35
23	23.8486206896552	Saturday 10 Feb 2018	Saturday 10 Feb 2018	Saturday 10 Feb 2018	Saturday 10 Feb 2018	1	285
23	23.0375862068966	Sunday 11 Feb 2018	Sunday 11 Feb 2018	Sunday 11 Feb 2018	Sunday 11 Feb 2018	1	412
23	23.95	Monday 12 Feb 2018	Monday 12 Feb 2018	Monday 12 Feb 2018	Monday 12 Feb 2018	1	170
23	23.8063793103448	Tuesday 13 Feb 2018	Tuesday 13 Feb 2018	Tuesday 13 Feb 2018	Tuesday 13 Feb 2018	1	667
23	24.2541379310345	Wednesday 14 Feb 2018	Wednesday 14 Feb 2018	Wednesday 14 Feb 2018	Wednesday 14 Feb 2018	1	795
23	24.93	Thursday 15 Feb 2018	Thursday 15 Feb 2018	Thursday 15 Feb 2018	Thursday 15 Feb 2018	1	552
23	24.44	Friday 16 Feb 2018	Friday 16 Feb 2018	Friday 16 Feb 2018	Friday 16 Feb 2018	1	64
23	23.8554385964912	Saturday 17 Feb 2018	Saturday 17 Feb 2018	Saturday 17 Feb 2018	Saturday 17 Feb 2018	1	314
23	24.3712280701754	Sunday 18 Feb 2018	Sunday 18 Feb 2018	Sunday 18 Feb 2018	Sunday 18 Feb 2018	1	441
23	24.6205263157895	Monday 19 Feb 2018	Monday 19 Feb 2018	Monday 19 Feb 2018	Monday 19 Feb 2018	1	199
23	24.5173684210526	Tuesday 20 Feb 2018	Tuesday 20 Feb 2018	Tuesday 20 Feb 2018	Tuesday 20 Feb 2018	1	696
23	23.95	Wednesday 21 Feb 2018	Wednesday 21 Feb 2018	Wednesday 21 Feb 2018	Wednesday 21 Feb 2018	1	824
23	23.4771929824561	Thursday 22 Feb 2018	Thursday 22 Feb 2018	Thursday 22 Feb 2018	Thursday 22 Feb 2018	1	581
23	23.6921052631579	Friday 23 Feb 2018	Friday 23 Feb 2018	Friday 23 Feb 2018	Friday 23 Feb 2018	1	92
23	23.3740350877193	Saturday 24 Feb 2018	Saturday 24 Feb 2018	Saturday 24 Feb 2018	Saturday 24 Feb 2018	1	342
23	23.4857894736842	Sunday 25 Feb 2018	Sunday 25 Feb 2018	Sunday 25 Feb 2018	Sunday 25 Feb 2018	1	469
23	24.9042105263158	Monday 26 Feb 2018	Monday 26 Feb 2018	Monday 26 Feb 2018	Monday 26 Feb 2018	1	227
23	25.4028070175439	Tuesday 27 Feb 2018	Tuesday 27 Feb 2018	Tuesday 27 Feb 2018	Tuesday 27 Feb 2018	1	724
23	24.6033333333333	Wednesday 28 Feb 2018	Wednesday 28 Feb 2018	Wednesday 28 Feb 2018	Wednesday 28 Feb 2018	1	852
23	24.1477192982456	Thursday 01 Mar 2018	Thursday 01 Mar 2018	Thursday 01 Mar 2018	Thursday 01 Mar 2018	1	497
23	23.9757894736842	Friday 02 Mar 2018	Friday 02 Mar 2018	Friday 02 Mar 2018	Friday 02 Mar 2018	1	9
23	23.9328070175439	Saturday 03 Mar 2018	Saturday 03 Mar 2018	Saturday 03 Mar 2018	Saturday 03 Mar 2018	1	259
23	23.9414035087719	Sunday 04 Mar 2018	Sunday 04 Mar 2018	Sunday 04 Mar 2018	Sunday 04 Mar 2018	1	386
23	23.2880701754386	Monday 05 Mar 2018	Monday 05 Mar 2018	Monday 05 Mar 2018	Monday 05 Mar 2018	1	143
23	24.5947368421053	Tuesday 06 Mar 2018	Tuesday 06 Mar 2018	Tuesday 06 Mar 2018	Tuesday 06 Mar 2018	1	640
23	24.0101754385965	Wednesday 07 Mar 2018	Wednesday 07 Mar 2018	Wednesday 07 Mar 2018	Wednesday 07 Mar 2018	1	768
23	23.1591228070175	Thursday 08 Mar 2018	Thursday 08 Mar 2018	Thursday 08 Mar 2018	Thursday 08 Mar 2018	1	525
23	24.3540350877193	Friday 09 Mar 2018	Friday 09 Mar 2018	Friday 09 Mar 2018	Friday 09 Mar 2018	1	37
23	23.7218965517241	Saturday 10 Mar 2018	Saturday 10 Mar 2018	Saturday 10 Mar 2018	Saturday 10 Mar 2018	1	287
23	23.46	Sunday 11 Mar 2018	Sunday 11 Mar 2018	Sunday 11 Mar 2018	Sunday 11 Mar 2018	1	414
23	23.6577192982456	Monday 12 Mar 2018	Monday 12 Mar 2018	Monday 12 Mar 2018	Monday 12 Mar 2018	1	172
23	23.7608771929825	Tuesday 13 Mar 2018	Tuesday 13 Mar 2018	Tuesday 13 Mar 2018	Tuesday 13 Mar 2018	1	669
23	24.6721052631579	Wednesday 14 Mar 2018	Wednesday 14 Mar 2018	Wednesday 14 Mar 2018	Wednesday 14 Mar 2018	1	797
23	23.8984210526316	Thursday 15 Mar 2018	Thursday 15 Mar 2018	Thursday 15 Mar 2018	Thursday 15 Mar 2018	1	554
23	24.9042105263158	Friday 16 Mar 2018	Friday 16 Mar 2018	Friday 16 Mar 2018	Friday 16 Mar 2018	1	66
23	24.2852631578947	Saturday 17 Mar 2018	Saturday 17 Mar 2018	Saturday 17 Mar 2018	Saturday 17 Mar 2018	1	316
23	23.9671929824561	Sunday 18 Mar 2018	Sunday 18 Mar 2018	Sunday 18 Mar 2018	Sunday 18 Mar 2018	1	443
23	23.709298245614	Monday 19 Mar 2018	Monday 19 Mar 2018	Monday 19 Mar 2018	Monday 19 Mar 2018	1	201
23	23.8124561403509	Tuesday 20 Mar 2018	Tuesday 20 Mar 2018	Tuesday 20 Mar 2018	Tuesday 20 Mar 2018	1	698
23	24.6033333333333	Wednesday 21 Mar 2018	Wednesday 21 Mar 2018	Wednesday 21 Mar 2018	Wednesday 21 Mar 2018	1	826
23	25.8915789473684	Thursday 22 Mar 2018	Thursday 22 Mar 2018	Thursday 22 Mar 2018	Thursday 22 Mar 2018	1	583
23	24.3024561403509	Friday 23 Mar 2018	Friday 23 Mar 2018	Friday 23 Mar 2018	Friday 23 Mar 2018	1	94
23	24.8962068965517	Saturday 24 Mar 2018	Saturday 24 Mar 2018	Saturday 24 Mar 2018	Saturday 24 Mar 2018	1	344
23	25.4115517241379	Sunday 25 Mar 2018	Sunday 25 Mar 2018	Sunday 25 Mar 2018	Sunday 25 Mar 2018	1	471
23	25.6848275862069	Monday 26 Mar 2018	Monday 26 Mar 2018	Monday 26 Mar 2018	Monday 26 Mar 2018	1	229
23	24.7187931034483	Tuesday 27 Mar 2018	Tuesday 27 Mar 2018	Tuesday 27 Mar 2018	Tuesday 27 Mar 2018	1	726
23	25.7096551724138	Wednesday 28 Mar 2018	Wednesday 28 Mar 2018	Wednesday 28 Mar 2018	Wednesday 28 Mar 2018	1	854
23	25.6765517241379	Thursday 29 Mar 2018	Thursday 29 Mar 2018	Thursday 29 Mar 2018	Thursday 29 Mar 2018	1	610
23	24.2710344827586	Friday 30 Mar 2018	Friday 30 Mar 2018	Friday 30 Mar 2018	Friday 30 Mar 2018	1	121
23	24.558275862069	Saturday 31 Mar 2018	Saturday 31 Mar 2018	Saturday 31 Mar 2018	Saturday 31 Mar 2018	1	370
23	24.9384482758621	Sunday 01 Apr 2018	Sunday 01 Apr 2018	Sunday 01 Apr 2018	Sunday 01 Apr 2018	1	371
23	24.076724137931	Monday 02 Apr 2018	Monday 02 Apr 2018	Monday 02 Apr 2018	Monday 02 Apr 2018	1	128
23	24.2766666666667	Tuesday 03 Apr 2018	Tuesday 03 Apr 2018	Tuesday 03 Apr 2018	Tuesday 03 Apr 2018	1	625
23	24.190701754386	Wednesday 04 Apr 2018	Wednesday 04 Apr 2018	Wednesday 04 Apr 2018	Wednesday 04 Apr 2018	1	753
23	24.6721052631579	Thursday 05 Apr 2018	Thursday 05 Apr 2018	Thursday 05 Apr 2018	Thursday 05 Apr 2018	1	510
23	24.5431578947368	Friday 06 Apr 2018	Friday 06 Apr 2018	Friday 06 Apr 2018	Friday 06 Apr 2018	1	22
23	24.6635087719298	Saturday 07 Apr 2018	Saturday 07 Apr 2018	Saturday 07 Apr 2018	Saturday 07 Apr 2018	1	272
23	24.44	Sunday 08 Apr 2018	Sunday 08 Apr 2018	Sunday 08 Apr 2018	Sunday 08 Apr 2018	1	399
23	24.93	Monday 09 Apr 2018	Monday 09 Apr 2018	Monday 09 Apr 2018	Monday 09 Apr 2018	1	157
23	24.4228070175439	Tuesday 10 Apr 2018	Tuesday 10 Apr 2018	Tuesday 10 Apr 2018	Tuesday 10 Apr 2018	1	654
23	24.8870175438597	Wednesday 11 Apr 2018	Wednesday 11 Apr 2018	Wednesday 11 Apr 2018	Wednesday 11 Apr 2018	1	782
23	24.9214035087719	Thursday 12 Apr 2018	Thursday 12 Apr 2018	Thursday 12 Apr 2018	Thursday 12 Apr 2018	1	539
23	23.2741379310345	Friday 13 Apr 2018	Friday 13 Apr 2018	Friday 13 Apr 2018	Friday 13 Apr 2018	1	51
23	23.3248275862069	Saturday 14 Apr 2018	Saturday 14 Apr 2018	Saturday 14 Apr 2018	Saturday 14 Apr 2018	1	301
23	21.518275862069	Sunday 15 Apr 2018	Sunday 15 Apr 2018	Sunday 15 Apr 2018	Sunday 15 Apr 2018	1	428
23	22.1927586206897	Monday 16 Apr 2018	Monday 16 Apr 2018	Monday 16 Apr 2018	Monday 16 Apr 2018	1	186
23	22.8263793103448	Tuesday 17 Apr 2018	Tuesday 17 Apr 2018	Tuesday 17 Apr 2018	Tuesday 17 Apr 2018	1	683
23	21.0368965517241	Wednesday 18 Apr 2018	Wednesday 18 Apr 2018	Wednesday 18 Apr 2018	Wednesday 18 Apr 2018	1	811
11	22.3892592592593	Thursday 19 Apr 2018	Thursday 19 Apr 2018	Thursday 19 Apr 2018	Thursday 19 Apr 2018	1	568
